peId,peMonth,peDay,pePday,peType,peDesc,peReading,peDisplay,peIndex,peFlag
1,0,0,-147,Epistle,"",Gal_6011_6018,Galatians 6:11-18,69,0
2,0,0,-147,Gospel,"",Luke_16019_16031,Luke 16:19-31,79,0
3,0,0,-146,Epistle,"",1Thess_1001_1005,1 Thessalonians 1:1-5,69,0
4,0,0,-146,Gospel,"",Luke_10022_10024,Luke 10:22-24,79,0
5,0,0,-145,Epistle,"",1Thess_1006_1010,1 Thessalonians 1:6-10,69,0
6,0,0,-145,Gospel,"",Luke_11001_11010,Luke 11:1-10,79,0
7,0,0,-144,Epistle,"",1Thess_2001_2008,1 Thessalonians 2:1-8,69,0
8,0,0,-144,Gospel,"",Luke_11009_11013,Luke 11:9-13,79,0
9,0,0,-143,Epistle,"",1Thess_2009_2014,1 Thessalonians 2:9-14,69,0
10,0,0,-143,Gospel,"",Luke_11014_11023,Luke 11:14-23,79,0
11,0,0,-142,Epistle,"",1Thess_2014_2019,1 Thessalonians 2:14-19,69,0
12,0,0,-142,Gospel,"",Luke_11023_11026,Luke 11:23-26,79,0
13,0,0,-141,Epistle,"",2Cor_8001_8005,2 Corinthians 8:1-5,69,0
14,0,0,-141,Gospel,"",Luke_8016_8021,Luke 8:16-21,79,0
15,0,0,-140,Epistle,"",Eph_2004_2010,Ephesians 2:4-10,69,0
16,0,0,-140,Gospel,"",Luke_8026_8039,Luke 8:26-39,79,0
17,0,0,-139,Epistle,"",1Thess_2020_3008,1 Thessalonians 2:20-3:8,69,0
18,0,0,-139,Gospel,"",Luke_11029_11033,Luke 11:29-33,79,0
19,0,0,-138,Epistle,"",1Thess_3009_30013,1 Thessalonians 3:9-30:13,69,0
20,0,0,-138,Gospel,"",Luke_11034_11041,Luke 11:34-41,79,0
21,0,0,-137,Epistle,"",1Thess_4001_4012,1 Thessalonians 4:1-12,69,0
22,0,0,-137,Gospel,"",Luke_11042_11046,Luke 11:42-46,79,0
23,0,0,-136,Epistle,"",1Thess_5001_5008,1 Thessalonians 5:1-8,69,0
24,0,0,-136,Gospel,"",Luke_11047_12001,Luke 11:47-12:1,79,0
25,0,0,-135,Epistle,"",1Thess_5009_5013|1Thess_5024_5028,"1 Thessalonians 5:9-13, 24-28",69,0
26,0,0,-135,Gospel,"",Luke_12002_12012,Luke 12:2-12,79,0
27,0,0,-134,Epistle,"",2Cor_11001_11006,2 Corinthians 11:1-6,69,0
28,0,0,-134,Gospel,"",Luke_9001_9006,Luke 9:1-6,79,0
29,0,0,-133,Epistle,"",Eph_2014_2022,Ephesians 2:14-22,69,0
30,0,0,-133,Gospel,"",Luke_8041_8056,Luke 8:41-56,79,0
31,0,0,-132,Epistle,"",2Thess_1001_1010,2 Thessalonians 1:1-10,69,0
32,0,0,-132,Gospel,"",Luke_12013_12015|Luke_12022_12031,"Luke 12:13-15, 22-31",79,0
33,0,0,-131,Epistle,"",2Thess_1010_2002,2 Thessalonians 1:10-2:2,69,0
34,0,0,-131,Gospel,"",Luke_12042_12048,Luke 12:42-48,79,0
35,0,0,-130,Epistle,"",2Thess_2001_2012,2 Thessalonians 2:1-12,69,0
36,0,0,-130,Gospel,"",Luke_12048_12059,Luke 12:48-59,79,0
37,0,0,-129,Epistle,"",2Thess_2013_3005,2 Thessalonians 2:13-3:5,69,0
38,0,0,-129,Gospel,"",Luke_13001_13009,Luke 13:1-9,79,0
39,0,0,-128,Epistle,"",2Thess_3006_3018,2 Thessalonians 3:6-18,69,0
40,0,0,-128,Gospel,"",Luke_13031_13035,Luke 13:31-35,79,0
41,0,0,-127,Epistle,"",Gal_1003_1010,Galatians 1:3-10,69,0
42,0,0,-127,Gospel,"",Luke_9037_9043,Luke 9:37-43,79,0
43,0,0,-126,Epistle,"",Eph_4001_4006,Ephesians 4:1-6,69,0
44,0,0,-126,Gospel,"",Luke_10025_10037,Luke 10:25-37,79,0
45,0,0,-125,Epistle,"",1Tim_1001_1007,1 Timothy 1:1-7,69,0
46,0,0,-125,Gospel,"",Luke_14012_14015,Luke 14:12-15,79,0
47,0,0,-124,Epistle,"",1Tim_1008_1014,1 Timothy 1:8-14,69,0
48,0,0,-124,Gospel,"",Luke_14025_14035,Luke 14:25-35,79,0
49,0,0,-123,Epistle,"",1Tim_1018_1020|1Tim_2008_2015,"1 Timothy 1:18-20, 2:8-15",69,0
50,0,0,-123,Gospel,"",Luke_15001_15010,Luke 15:1-10,79,0
51,0,0,-122,Epistle,"",1Tim_3001_3013,1 Timothy 3:1-13,69,0
52,0,0,-122,Gospel,"",Luke_16001_16009,Luke 16:1-9,79,0
53,0,0,-121,Epistle,"",1Tim_4004_4008|1Tim_4016_4016,"1 Timothy 4:4-8, 16",69,0
54,0,0,-121,Gospel,"",Luke_16015_16018|Luke_17001_17004,"Luke 16:15-18, 17:1-4",79,0
55,0,0,-120,Epistle,"",Gal_3008_3012,Galatians 3:8-12,69,0
56,0,0,-120,Gospel,"",Luke_9057_9062,Luke 9:57-62,79,0
57,0,0,-119,Epistle,"",Eph_5009_5019,Ephesians 5:9-19,69,0
58,0,0,-119,Gospel,"",Luke_12016_12021,Luke 12:16-21,79,0
59,0,0,-118,Epistle,"",1Tim_5001_5010,1 Timothy 5:1-10,69,0
60,0,0,-118,Gospel,"",Luke_17020_17025,Luke 17:20-25,79,0
61,0,0,-117,Epistle,"",1Tim_5011_5021,1 Timothy 5:11-21,69,0
62,0,0,-117,Gospel,"",Luke_17026_17037,Luke 17:26-37,79,0
63,0,0,-116,Epistle,"",1Tim_5022_6011,1 Timothy 5:22-6:11,69,0
64,0,0,-116,Gospel,"",Luke_18015_18017|Luke_18026_18030,"Luke 18:15-17, 26-30",79,0
65,0,0,-115,Epistle,"",1Tim_6017_6021,1 Timothy 6:17-21,69,0
66,0,0,-115,Gospel,"",Luke_18031_18034,Luke 18:31-34,79,0
67,0,0,-114,Epistle,"",2Tim_1001_1002|1Tim_1008_1018,"2 Timothy 1:1-2, 1 Timothy 1:8-18",69,0
68,0,0,-114,Gospel,"",Luke_19012_19028,Luke 19:12-28,79,0
69,0,0,-113,Epistle,"",Gal_5022_6002,Galatians 5:22-6:2,69,0
70,0,0,-113,Gospel,"",Luke_10019_10021,Luke 10:19-21,79,0
71,0,0,-112,Epistle,"",Eph_6010_6017,Ephesians 6:10-17,69,0
72,0,0,-112,Gospel,"",Luke_13010_13017,Luke 13:10-17,79,0
73,0,0,-111,Epistle,"",2Tim_2020_2026,2 Timothy 2:20-26,69,0
74,0,0,-111,Gospel,"",Luke_19037_19044,Luke 19:37-44,79,0
75,0,0,-110,Epistle,"",2Tim_3016_4004,2 Timothy 3:16-4:4,69,0
76,0,0,-110,Gospel,"",Luke_19045_19048,Luke 19:45-48,79,0
77,0,0,-109,Epistle,"",2Tim_4009_4022,2 Timothy 4:9-22,69,0
78,0,0,-109,Gospel,"",Luke_20001_20008,Luke 20:1-8,79,0
79,0,0,-108,Epistle,"",Titus_1005_2001,Titus 1:5-2:1,69,0
80,0,0,-108,Gospel,"",Luke_20009_20018,Luke 20:9-18,79,0
81,0,0,-107,Epistle,"",Titus_1015_2010,Titus 1:15-2:10,69,0
82,0,0,-107,Gospel,"",Luke_20019_20026,Luke 20:19-26,79,0
83,0,0,-106,Epistle,"",Eph_1016_1023,Ephesians 1:16-23,69,0
84,0,0,-106,Gospel,"",Luke_12032_12040,Luke 12:32-40,79,0
85,0,0,-105,Epistle,"",Col_1012_1018,Colossians 1:12-18,69,0
86,0,0,-105,Gospel,"",Luke_14016_14024,Luke 14:16-24,79,0
87,0,0,-104,Epistle,"",Heb_3005_3011|Heb_3017_3019,"Hebrews 3:5-11, 17-19",69,0
88,0,0,-104,Gospel,"",Luke_20027_20044,Luke 20:27-44,79,0
89,0,0,-103,Epistle,"",Heb_4001_4013,Hebrews 4:1-13,69,0
90,0,0,-103,Gospel,"",Luke_21012_21019,Luke 21:12-19,79,0
91,0,0,-102,Epistle,"",Heb_5011_6008,Hebrews 5:11-6:8,69,0
92,0,0,-102,Gospel,"",Luke_21005_21007|Luke_21010_21011|Luke_21020_21024,"Luke 21:5-7, 10-11, 20-24",79,0
93,0,0,-101,Epistle,"",Heb_7001_7006,Hebrews 7:1-6,69,0
94,0,0,-101,Gospel,"",Luke_21028_21033,Luke 21:28-33,79,0
95,0,0,-100,Epistle,"",Heb_7018_7025,Hebrews 7:18-25,69,0
96,0,0,-100,Gospel,"",Luke_21037_22008,Luke 21:37-22:8,79,0
97,0,0,-99,Epistle,"",Eph_2011_2013,Ephesians 2:11-13,69,0
98,0,0,-99,Gospel,"",Luke_13018_13029,Luke 13:18-29,79,0
99,0,0,-98,Epistle,"",Col_3004_3011,Colossians 3:4-11,69,0
100,0,0,-98,Gospel,"",Luke_17012_17019,Luke 17:12-19,79,0
101,0,0,-97,Epistle,"",Heb_8007_8013,Hebrews 8:7-13,69,0
102,0,0,-97,Gospel,"",Mark_8011_8021,Mark 8:11-21,79,0
103,0,0,-96,Epistle,"",Heb_9008_9010|Heb_9015_9023,"Hebrews 9:8-10, 15-23",69,0
104,0,0,-96,Gospel,"",Mark_8022_8026,Mark 8:22-26,79,0
105,0,0,-95,Epistle,"",Heb_10001_10018,Hebrews 10:1-18,69,0
106,0,0,-95,Gospel,"",Mark_8030_8034,Mark 8:30-34,79,0
107,0,0,-94,Epistle,"",Heb_10035_11007,Hebrews 10:35-11:7,69,0
108,0,0,-94,Gospel,"",Mark_9010_9016,Mark 9:10-16,79,0
109,0,0,-93,Epistle,"",Heb_11008_11008|Heb_11011_11016,"Hebrews 11:8, 11-16",69,0
110,0,0,-93,Gospel,"",Mark_9033_9041,Mark 9:33-41,79,0
111,0,0,-92,Epistle,"",Eph_5001_5008,Ephesians 5:1-8,69,0
112,0,0,-92,Gospel,"",Luke_14001_14011,Luke 14:1-11,79,0
113,0,0,-91,Epistle,"",Col_3012_3016,Colossians 3:12-16,69,0
114,0,0,-91,Gospel,"",Luke_18018_18027,Luke 18:18-27,79,0
115,0,0,-90,Epistle,"",Heb_11017_11023|Heb_11027_11031,"Hebrews 11:17-23, 27-31",69,0
116,0,0,-90,Gospel,"",Mark_9042_10001,Mark 9:42-10:1,79,0
117,0,0,-89,Epistle,"",Heb_12025_12026|Heb_13022_13025,"Hebrews 12:25-26, 13:22-25",69,0
118,0,0,-89,Gospel,"",Mark_10002_10012,Mark 10:2-12,79,0
119,0,0,-88,Epistle,"",James_1001_1018,James 1:1-18,69,0
120,0,0,-88,Gospel,"",Mark_10011_10016,Mark 10:11-16,79,0
121,0,0,-87,Epistle,"",James_1019_1027,James 1:19-27,69,0
122,0,0,-87,Gospel,"",Mark_10017_10027,Mark 10:17-27,79,0
123,0,0,-86,Epistle,"",James_2001_2013,James 2:1-13,69,0
124,0,0,-86,Gospel,"",Mark_10023_10032,Mark 10:23-32,79,0
125,0,0,-85,Epistle,"",Col_1003_1006,Colossians 1:3-6,69,0
126,0,0,-85,Gospel,"",Luke_16010_16015,Luke 16:10-15,79,0
127,0,0,-84,Epistle,"",1Tim_1015_1017,1 Timothy 1:15-17,69,0
128,0,0,-84,Gospel,"",Luke_18035_18043,Luke 18:35-43,79,0
129,0,0,-83,Epistle,"",James_2014_2026,James 2:14-26,69,0
130,0,0,-83,Gospel,"",Mark_10046_10052,Mark 10:46-52,79,0
131,0,0,-82,Epistle,"",James_3001_3010,James 3:1-10,69,0
132,0,0,-82,Gospel,"",Mark_11011_11023,Mark 11:11-23,79,0
133,0,0,-81,Epistle,"",James_3011_4006,James 3:11-4:6,69,0
134,0,0,-81,Gospel,"",Mark_11022_11026,Mark 11:22-26,79,0
135,0,0,-80,Epistle,"",James_4007_5009,James 4:7-5:9,69,0
136,0,0,-80,Gospel,"",Mark_11027_11033,Mark 11:27-33,79,0
137,0,0,-79,Epistle,"",1Peter_1001_1002|1Peter_1010_1012|1Peter_2006_2010,"1 Peter 1:1-2, 10-12, 2:6-10",69,0
138,0,0,-79,Gospel,"",Mark_12001_12012,Mark 12:1-12,79,0
139,0,0,-78,Epistle,"",1Thess_5014_5023,1 Thessalonians 5:14-23,69,0
140,0,0,-78,Gospel,"",Luke_17003_17010,Luke 17:3-10,79,0
141,0,0,-77,Epistle,"",1Tim_4009_4015,1 Timothy 4:9-15,69,0
142,0,0,-77,Gospel,"",Luke_19001_19010,Luke 19:1-10,79,0
143,0,0,-76,Epistle,"",1Peter_2021_3009,1 Peter 2:21-3:9,69,0
144,0,0,-76,Gospel,"",Mark_12013_12017,Mark 12:13-17,79,0
145,0,0,-75,Epistle,"",1Peter_3010_3022,1 Peter 3:10-22,69,0
146,0,0,-75,Gospel,"",Mark_12018_12027,Mark 12:18-27,79,0
147,0,0,-74,Epistle,"",1Peter_4001_4011,1 Peter 4:1-11,69,0
148,0,0,-74,Gospel,"",Mark_12028_12037,Mark 12:28-37,79,0
149,0,0,-73,Epistle,"",1Peter_4012_5005,1 Peter 4:12-5:5,69,0
150,0,0,-73,Gospel,"",Mark_12038_12044,Mark 12:38-44,79,0
151,0,0,-72,Epistle,"",2Peter_1001_1010,2 Peter 1:1-10,69,0
152,0,0,-72,Gospel,"",Mark_13001_13008,Mark 13:1-8,79,0
153,0,0,-71,Epistle,"",2Tim_2011_2019,2 Timothy 2:11-19,69,0
154,0,0,-71,Gospel,"",Luke_18002_18008,Luke 18:2-8,79,0
155,0,0,-70,Epistle,"",2Tim_3010_3015,2 Timothy 3:10-15,69,0
156,0,0,-70,Gospel,"",Luke_18010_18014,Luke 18:10-14,79,0
157,0,0,-69,Epistle,"",2Peter_1020_2009,2 Peter 1:20-2:9,69,0
158,0,0,-69,Gospel,"",Mark_13009_13013,Mark 13:9-13,79,0
159,0,0,-68,Epistle,"",2Peter_2009_2022,2 Peter 2:9-22,69,0
160,0,0,-68,Gospel,"",Mark_13014_13023,Mark 13:14-23,79,0
161,0,0,-67,Epistle,"",2Peter_3001_3018,2 Peter 3:1-18,69,0
162,0,0,-67,Gospel,"",Mark_13024_13031,Mark 13:24-31,79,0
163,0,0,-66,Epistle,"",1John_1008_2006,1 John 1:8-2:6,69,0
164,0,0,-66,Gospel,"",Mark_13031_14002,Mark 13:31-14:2,79,0
165,0,0,-65,Epistle,"",1John_2007_2017,1 John 2:7-17,69,0
166,0,0,-65,Gospel,"",Mark_14003_14009,Mark 14:3-9,79,0
167,0,0,-64,Epistle,"",2Tim_3001_3009,2 Timothy 3:1-9,69,0
168,0,0,-64,Gospel,"",Luke_20046_21004,Luke 20:46-21:4,79,0
169,0,0,-63,Epistle,"",1Cor_6012_6020,1 Corinthians 6:12-20,69,0
170,0,0,-63,Gospel,"",Luke_15011_15032,Luke 15:11-32,79,0
171,0,0,-62,Epistle,"",1John_2018_3010,1 John 2:18-3:10,69,0
172,0,0,-62,Gospel,"",Mark_11001_11011,Mark 11:1-11,79,0
173,0,0,-61,Epistle,"",1John_3011_3020,1 John 3:11-20,69,0
174,0,0,-61,Gospel,"",Mark_14010_14042,Mark 14:10-42,79,0
175,0,0,-60,Epistle,"",1John_3021_4006,1 John 3:21-4:6,69,0
176,0,0,-60,Gospel,"",Mark_14043_15001,Mark 14:43-15:1,79,0
177,0,0,-59,Epistle,"",1John_4020_5021,1 John 4:20-5:21,69,0
178,0,0,-59,Gospel,"",Mark_15001_15015,Mark 15:1-15,79,0
179,0,0,-58,Epistle,"",2John_1001_1013,2 John 1:1-13,69,0
180,0,0,-58,Gospel,"",Mark_15022_15025|Mark_15033_15041,"Mark 15:22-25, 33-41",79,0
181,0,0,-57,Epistle,"",1Cor_10023_10028,1 Corinthians 10:23-28,69,0
182,0,0,-57,Gospel,"",Luke_21008_21009|Luke_21025_21027|Luke_21033_21036,"Luke 21:8-9, 25-27, 33-36",79,0
183,0,0,-57,Epistle,Departed,1Thess_4013_4017,1 Thessalonians 4:13-17,49,0
184,0,0,-57,Gospel,Departed,John_5024_5030,John 5:24-30,59,0
185,0,0,-56,Epistle,"",1Cor_8008_9002,1 Corinthians 8:8-9:2,69,0
186,0,0,-56,Gospel,"",Matt_25031_25046,Matthew 25:31-46,79,0
187,0,0,-55,Epistle,"",3John_1001_1015,3 John 1:1-15,69,0
188,0,0,-55,Gospel,"",Luke_19029_19040|Luke_22007_22039,"Luke 19:29-40, 22:7-39",79,0
189,0,0,-54,Epistle,"",Jude_1001_1010,Jude 1:1-10,69,0
190,0,0,-54,Gospel,"",Luke_22039_22042|Luke_22045_23001,"Luke 22:39-42, 45-23:1",79,0
191,0,0,-53,6th Hour,"",Joel_2012_2026,Joel 2:12-26,1,0
192,0,0,-53,Vespers,"",Joel_3012_3021,Joel 3:12-21,2,0
193,0,0,-52,Epistle,"",Jude_1011_1025,Jude 1:11-25,69,0
194,0,0,-52,Gospel,"",Luke_23002_23034|Luke_23044_23056,"Luke 23:2-34, 44-56",79,0
195,0,0,-51,6th Hour,"",Zech_8007_8017,Zechariah 8:7-17,1,0
196,0,0,-51,Vespers,"",Zech_8019_8023,Zechariah 8:19-23,2,0
197,0,0,-50,Epistle,"",Rom_14019_14023|Rom_16025_16027,"Romans 14:19-23, 16:25-27",69,0
198,0,0,-50,Gospel,"",Matt_6001_6013,Matthew 6:1-13,79,0
199,0,0,-50,Epistle,Departed,Gal_5022_6002,Galatians 5:22-6:2,49,0
200,0,0,-50,Gospel,Departed,Matt_11027_11030,Matthew 11:27-30,59,0
201,0,0,-49,Epistle,"",Rom_13011_14004,Romans 13:11-14:4,69,0
202,0,0,-49,Gospel,"",Matt_6014_6021,Matthew 6:14-21,79,0
203,0,0,-48,6th Hour,"",Isa_1001_1020,Isaiah 1:1-20,1,0
204,0,0,-48,Vespers,"",Gen_1001_1013,Genesis 1:1-13,2,0
205,0,0,-48,Vespers,"",Prov_1001_1020,Proverbs 1:1-20,3,0
206,0,0,-47,6th Hour,"",Isa_1019_2004,Isaiah 1:19-2:4,1,0
207,0,0,-47,Vespers,"",Gen_1014_1023,Genesis 1:14-23,2,0
208,0,0,-47,Vespers,"",Prov_1020_1033,Proverbs 1:20-33,3,0
209,0,0,-46,6th Hour,"",Isa_2003_2011,Isaiah 2:3-11,1,0
210,0,0,-46,Vespers,"",Gen_1024_2003,Genesis 1:24-2:3,2,0
211,0,0,-46,Vespers,"",Prov_2001_2022,Proverbs 2:1-22,3,0
212,0,0,-45,6th Hour,"",Isa_2011_2021,Isaiah 2:11-21,1,0
213,0,0,-45,Vespers,"",Gen_2004_2019,Genesis 2:4-19,2,0
214,0,0,-45,Vespers,"",Prov_3001_3018,Proverbs 3:1-18,3,0
215,0,0,-44,6th Hour,"",Isa_3001_3015,Isaiah 3:1-15,1,0
216,0,0,-44,Vespers,"",Gen_2020_3020,Genesis 2:20-3:20,2,0
217,0,0,-44,Vespers,"",Prov_3019_3034,Proverbs 3:19-34,3,0
218,0,0,-43,Epistle,Saint,2Tim_2001_2010,2 Timothy 2:1-10,49,0
219,0,0,-43,Gospel,Saint,John_15017_16002,John 15:17-16:2,59,0
220,0,0,-43,Epistle,"",Heb_1001_1012,Hebrews 1:1-12,69,0
221,0,0,-43,Gospel,"",Mark_2023_3005,Mark 2:23-3:5,79,0
222,0,0,-42,Epistle,"",Heb_11024_11026|Heb_11032_12002,"Hebrews 11:24-26, 32-12:2",69,0
223,0,0,-42,Gospel,"",John_1043_1051,John 1:43-51,79,0
224,0,0,-41,6th Hour,"",Isa_4002_5007,Isaiah 4:2-5:7,1,0
225,0,0,-41,Vespers,"",Gen_3021_4007,Genesis 3:21-4:7,2,0
226,0,0,-41,Vespers,"",Prov_3034_4022,Proverbs 3:34-4:22,3,0
227,0,0,-40,6th Hour,"",Isa_5007_5016,Isaiah 5:7-16,1,0
228,0,0,-40,Vespers,"",Gen_4008_4015,Genesis 4:8-15,2,0
229,0,0,-40,Vespers,"",Prov_5001_5015,Proverbs 5:1-15,3,0
230,0,0,-39,6th Hour,"",Isa_5016_5025,Isaiah 5:16-25,1,0
231,0,0,-39,Vespers,"",Gen_4016_4026,Genesis 4:16-26,2,0
232,0,0,-39,Vespers,"",Prov_5015_6003,Proverbs 5:15-6:3,3,0
233,0,0,-38,6th Hour,"",Isa_6001_6012,Isaiah 6:1-12,1,0
234,0,0,-38,Vespers,"",Gen_5001_5024,Genesis 5:1-24,2,0
235,0,0,-38,Vespers,"",Prov_6003_6020,Proverbs 6:3-20,3,0
236,0,0,-37,6th Hour,"",Isa_7001_7015,Isaiah 7:1-15,1,0
237,0,0,-37,Vespers,"",Gen_5032_6008,Genesis 5:32-6:8,2,0
238,0,0,-37,Vespers,"",Prov_6020_7001,Proverbs 6:20-7:1,3,0
239,0,0,-36,Epistle,Departed,1Thess_4013_4017,1 Thessalonians 4:13-17,49,0
240,0,0,-36,Gospel,Departed,John_5024_5030,John 5:24-30,59,0
241,0,0,-36,Epistle,"",Heb_3012_3016,Hebrews 3:12-16,69,0
242,0,0,-36,Gospel,"",Mark_1035_1044,Mark 1:35-44,79,0
243,0,0,-35,Epistle,Saint,Heb_7026_8002,Hebrews 7:26-8:2,49,0
244,0,0,-35,Gospel,Saint,John_10009_10016,John 10:9-16,59,0
245,0,0,-35,Epistle,"",Heb_1010_2003,Hebrews 1:10-2:3,69,0
246,0,0,-35,Gospel,"",Mark_2001_2012,Mark 2:1-12,79,0
247,0,0,-34,6th Hour,"",Isa_8013_9007,Isaiah 8:13-9:7,1,0
248,0,0,-34,Vespers,"",Gen_6009_6022,Genesis 6:9-22,2,0
249,0,0,-34,Vespers,"",Prov_8001_8021,Proverbs 8:1-21,3,0
250,0,0,-33,6th Hour,"",Isa_9009_10004,Isaiah 9:9-10:4,1,0
251,0,0,-33,Vespers,"",Gen_7001_7015,Genesis 7:1-15,2,0
252,0,0,-33,Vespers,"",Prov_8032_9011,Proverbs 8:32-9:11,3,0
253,0,0,-32,6th Hour,"",Isa_10012_10020,Isaiah 10:12-20,1,0
254,0,0,-32,Vespers,"",Gen_7006_7009,Genesis 7:6-9,2,0
255,0,0,-32,Vespers,"",Prov_9012_9018,Proverbs 9:12-18,3,0
256,0,0,-31,6th Hour,"",Isa_11010_12002,Isaiah 11:10-12:2,1,0
257,0,0,-31,Vespers,"",Gen_7011_8003,Genesis 7:11-8:3,2,0
258,0,0,-31,Vespers,"",Prov_10001_10022,Proverbs 10:1-22,3,0
259,0,0,-30,6th Hour,"",Isa_13002_13013,Isaiah 13:2-13,1,0
260,0,0,-30,Vespers,"",Gen_8004_8021,Genesis 8:4-21,2,0
261,0,0,-30,Vespers,"",Prov_10031_11012,Proverbs 10:31-11:12,3,0
262,0,0,-29,Epistle,"",Heb_10032_10038,Hebrews 10:32-38,69,0
263,0,0,-29,Gospel,"",Mark_2014_2017,Mark 2:14-17,79,0
264,0,0,-28,Epistle,"",Heb_4014_5006,Hebrews 4:14-5:6,69,0
265,0,0,-28,Gospel,"",Mark_8034_9001,Mark 8:34-9:1,79,0
266,0,0,-27,6th Hour,"",Isa_14024_14032,Isaiah 14:24-32,1,0
267,0,0,-27,Vespers,"",Gen_8021_9007,Genesis 8:21-9:7,2,0
268,0,0,-27,Vespers,"",Prov_11019_12006,Proverbs 11:19-12:6,3,0
269,0,0,-26,6th Hour,"",Isa_25001_25009,Isaiah 25:1-9,1,0
270,0,0,-26,Vespers,"",Gen_9008_9017,Genesis 9:8-17,2,0
271,0,0,-26,Vespers,"",Prov_12008_12022,Proverbs 12:8-22,3,0
272,0,0,-25,6th Hour,"",Isa_26021_27009,Isaiah 26:21-27:9,1,0
273,0,0,-25,Vespers,"",Gen_9018_10001,Genesis 9:18-10:1,2,0
274,0,0,-25,Vespers,"",Prov_12023_13009,Proverbs 12:23-13:9,3,0
275,0,0,-24,6th Hour,"",Isa_28014_28022,Isaiah 28:14-22,1,0
276,0,0,-24,Vespers,"",Gen_10032_11009,Genesis 10:32-11:9,2,0
277,0,0,-24,Vespers,"",Prov_13019_14006,Proverbs 13:19-14:6,3,0
278,0,0,-23,6th Hour,"",Isa_29013_29023,Isaiah 29:13-23,1,0
279,0,0,-23,Vespers,"",Gen_12001_12007,Genesis 12:1-7,2,0
280,0,0,-23,Vespers,"",Prov_14015_14026,Proverbs 14:15-26,3,0
281,0,0,-22,Epistle,Departed,1Cor_15047_15057,1 Corinthians 15:47-57,49,0
282,0,0,-22,Gospel,Departed,John_5024_5030,John 5:24-30,59,0
283,0,0,-22,Epistle,"",Heb_6009_6012,Hebrews 6:9-12,69,0
284,0,0,-22,Gospel,"",Mark_7031_7037,Mark 7:31-37,79,0
285,0,0,-21,Epistle,Saint,Eph_5009_5019,Ephesians 5:9-19,49,0
286,0,0,-21,Gospel,Saint,Matt_4025_5012,Matthew 4:25-5:12,59,0
287,0,0,-21,Epistle,"",Heb_6013_6020,Hebrews 6:13-20,69,0
288,0,0,-21,Gospel,"",Mark_9017_9031,Mark 9:17-31,79,0
289,0,0,-20,6th Hour,"",Isa_37033_38006,Isaiah 37:33-38:6,1,0
290,0,0,-20,Vespers,"",Gen_13012_13018,Genesis 13:12-18,2,0
291,0,0,-20,Vespers,"",Prov_14027_15004,Proverbs 14:27-15:4,3,0
292,0,0,-19,6th Hour,"",Isa_40018_40031,Isaiah 40:18-31,1,0
293,0,0,-19,Vespers,"",Gen_15001_15015,Genesis 15:1-15,2,0
294,0,0,-19,Vespers,"",Prov_15007_15019,Proverbs 15:7-19,3,0
295,0,0,-18,6th Hour,"",Isa_41004_41014,Isaiah 41:4-14,1,0
296,0,0,-18,Vespers,"",Gen_17001_17009,Genesis 17:1-9,2,0
297,0,0,-18,Vespers,"",Prov_15020_16009,Proverbs 15:20-16:9,3,0
298,0,0,-17,6th Hour,"",Isa_42005_42016,Isaiah 42:5-16,1,0
299,0,0,-17,Vespers,"",Gen_18020_18033,Genesis 18:20-33,2,0
300,0,0,-17,Vespers,"",Prov_16017_17017,Proverbs 16:17-17:17,3,0
301,0,0,-16,6th Hour,"",Isa_45011_45017,Isaiah 45:11-17,1,0
302,0,0,-16,Vespers,"",Gen_22001_22018,Genesis 22:1-18,2,0
303,0,0,-16,Vespers,"",Prov_17017_18005,Proverbs 17:17-18:5,3,0
304,0,0,-15,Epistle,Theotokos,Heb_9001_9007,Hebrews 9:1-7,49,0
305,0,0,-15,Gospel,Theotokos,Luke_10038_10042|Luke_11027_11028,"Luke 10:38-42; 11:27-28",59,0
306,0,0,-15,Epistle,"",Heb_9024_9028,Hebrews 9:24-28,69,0
307,0,0,-15,Gospel,"",Mark_8027_8031,Mark 8:27-31,79,0
308,0,0,-14,Epistle,Saint,Gal_3023_3029,Galatians 3:23-29,49,0
309,0,0,-14,Gospel,Saint,Luke_7036_7050,Luke 7:36-50,59,0
310,0,0,-14,Epistle,"",Heb_9011_9014,Hebrews 9:11-14,69,0
311,0,0,-14,Gospel,"",Mark_10032_10045,Mark 10:32-45,79,0
312,0,0,-13,6th Hour,"",Isa_48017_49004,Isaiah 48:17-49:4,1,0
313,0,0,-13,Vespers,"",Gen_27001_27041,Genesis 27:1-41,2,0
314,0,0,-13,Vespers,"",Prov_19016_19025,Proverbs 19:16-25,3,0
315,0,0,-12,6th Hour,"",Isa_49006_49010,Isaiah 49:6-10,1,0
316,0,0,-12,Vespers,"",Gen_31003_31016,Genesis 31:3-16,2,0
317,0,0,-12,Vespers,"",Prov_21003_21021,Proverbs 21:3-21,3,0
318,0,0,-11,6th Hour,"",Isa_58001_58011,Isaiah 58:1-11,1,0
319,0,0,-11,Vespers,"",Gen_43026_43031|Gen_45001_45016,"Genesis 43:26-31, 45:1-16",2,0
320,0,0,-11,Vespers,"",Prov_21023_22004,Proverbs 21:23-22:4,3,0
321,0,0,-10,6th Hour,"",Isa_65008_65016,Isaiah 65:8-16,1,0
322,0,0,-10,Vespers,"",Gen_46001_46007,Genesis 46:1-7,2,0
323,0,0,-10,Vespers,"",Prov_23015_24005,Proverbs 23:15-24:5,3,0
324,0,0,-9,6th Hour,"",Isa_66010_66024,Isaiah 66:10-24,1,0
325,0,0,-9,Vespers,"",Gen_49033_50026,Genesis 49:33-50:26,2,0
326,0,0,-9,Vespers,"",Prov_31008_31031,Proverbs 31:8-31,3,0
327,0,0,-8,Epistle,"",Heb_12028_13008,Hebrews 12:28-13:8,69,0
328,0,0,-8,Gospel,"",John_11001_11045,John 11:1-45,79,0
329,0,0,-7,Vespers,"",Gen_49001_49002|Gen_49008_49012,"Genesis 49:1-2,8-12",1,0
330,0,0,-7,Vespers,"",Zeph_3014_3019,Zephaniah 3:14-19,2,0
331,0,0,-7,Vespers,"",Zech_9009_9015,Zechariah 9:9-15,3,0
332,0,0,-7,Matins Gospel,"",Matt_21001_21011|Matt_21015_21017,"Matthew 21:1-11, 15-17",39,0
333,0,0,-7,Epistle,"",Phil_4004_4009,Philippians 4:4-9,69,0
334,0,0,-7,Gospel,"",John_12001_12018,John 12:1-18,79,0
335,0,0,-6,6th Hour,"",Ezek_1001_1020,Ezekiel 1:1-20,1,0
336,0,0,-6,Vespers,"",Exod_1001_1020,Exodus 1:1-20,2,0
337,0,0,-6,Vespers,"",Job_1001_1012,Job 1:1-12,3,0
338,0,0,-6,Gospel,Matins,Matt_21018_21043,Matthew 21:18-43,49,0
339,0,0,-6,Gospel,Presanctified,Matt_24003_24035,Matthew 24:3-35,79,0
340,0,0,-5,6th Hour,"",Ezek_1021_1028,"Ezekiel 1:21-28 (1:1-28,2:1 LXX)",1,0
341,0,0,-5,Vespers,"",Exod_2005_2010,Exodus 2:5-10,2,0
342,0,0,-5,Vespers,"",Job_1013_1022,Job 1:13-22,3,0
343,0,0,-5,Gospel,Matins,Matt_22015_23039,Matthew 22:15-23:39,49,0
344,0,0,-5,Gospel,Presanctified,Matt_24036_26002,Matthew 24:36-26:2,79,0
345,0,0,-4,6th Hour,"",Ezek_2003_3003,Ezekiel 2:3-3:3,1,0
346,0,0,-4,Vespers,"",Exod_2011_2022,Exodus 2:11-22,2,0
347,0,0,-4,Vespers,"",Job_2001_2010,Job 2:1-10,3,0
348,0,0,-4,Gospel,Matins,John_12017_12050,John 12:17-50,49,0
349,0,0,-4,Gospel,Presanctified,Matt_26006_26016,Matthew 26:6-16,79,0
350,0,0,-3,1st Hour,"",Jer_11018_12005|Jer_12009_12011|Jer_12014_12015,"Jeremiah 11:18-12:5, 9-11, 14-15",0,0
351,0,0,-3,Vespers,"",Exod_19010_19019,Exodus 19:10-19,1,0
352,0,0,-3,Vespers,"",Job_38001_38023|Job_42001_42005,"Job 38:1-23; 42:1-5",2,0
353,0,0,-3,Vespers,Theotokos,Isa_50004_50011,Isaiah 50:4-11,3,0
354,0,0,-3,Gospel,Matins,Luke_22001_22039,Luke 22:1-39,49,0
355,0,0,-3,Epistle,"",1Cor_11023_11032,1 Corinthians 11:23-32,69,0
356,0,0,-3,Gospel,Composite,Matt_26002_26020|John_13003_13017|Matt_26021_26039|Luke_22043_22045|Matt_26040_27002,"Matt. 26:2-20; John 13:3-17; Matt. 26:21-39; Luke 22:43-45; Matt. 26:40-27:2",79,0
357,0,0,-3,Gospel,At the Washing of the Feet,John_13001_13011,John 13:1-11,109,0
358,0,0,-3,Gospel,After the Washing of the Feet,John_13012_13017,John 13:12-17,119,0
359,0,0,-2,Matins 1st Gospel,"",John_13031_18001,John 13:31-18:1,21,0
360,0,0,-2,Matins 2nd Gospel,"",John_18001_18028,John 18:1-28,22,0
361,0,0,-2,Matins 3rd Gospel,"",Matt_26057_26075,Matthew 26:57-75,23,0
362,0,0,-2,Matins 4th Gospel,"",John_18028_19016,John 18:28-19:16,24,0
363,0,0,-2,Matins 5th Gospel,"",Matt_27003_27032,Matthew 27:3-32,25,0
364,0,0,-2,Matins 6th Gospel,"",Mark_15016_15032,Mark 15:16-32,26,0
365,0,0,-2,Matins 7th Gospel,"",Matt_27033_27054,Matthew 27:33-54,27,0
366,0,0,-2,Matins 8th Gospel,"",Luke_23032_23049,Luke 23:32-49,28,0
367,0,0,-2,Matins 9th Gospel,"",John_19025_19037,John 19:25-37,29,0
368,0,0,-2,Matins 10th Gospel,"",Mark_15043_15047,Mark 15:43-47,30,0
369,0,0,-2,Matins 11th Gospel,"",John_19038_19042,John 19:38-42,31,0
370,0,0,-2,Matins 12th Gospel,"",Matt_27062_27066,Matthew 27:62-66,32,0
371,0,0,-2,1st Hour,"",Zech_11010_11013,Zechariah 11:10-13,41,0
372,0,0,-2,1st Hour,Epistle,Gal_6014_6018,Galatians 6:14-18,42,0
373,0,0,-2,1st Hour,Gospel,Matt_27001_27056,Matthew 27:1-56,43,0
374,0,0,-2,3rd Hour,"",Isa_50004_50011,Isaiah 50:4-11,44,0
375,0,0,-2,3rd Hour,Epistle,Rom_5006_5011,Romans 5:6-11,45,0
376,0,0,-2,3rd Hour,Gospel,Mark_15016_15041,Mark 15:16-41,46,0
377,0,0,-2,6th Hour,"",Isa_52013_54001,Isaiah 52:13-54:1,47,0
378,0,0,-2,6th Hour,alternate,Amos_8009_8012,Amos 8:9-12,48,0
379,0,0,-2,6th Hour,Epistle,Heb_2011_2018,Hebrews 2:11-18,49,0
380,0,0,-2,6th Hour,Gospel,Luke_23032_23049,Luke 23:32-49,50,0
381,0,0,-2,9th Hour,"",Jer_11018_12005|Jer_9011_9011|Jer_9014_9015,"Jeremiah 11:18-12:5, 9:11, 14-15",51,0
382,0,0,-2,9th Hour,Epistle,Heb_10019_10031,Hebrews 10:19-31,52,0
383,0,0,-2,9th Hour,Gospel,John_18028_19037,John 18:28-19:37,53,0
384,0,0,-2,Vespers,"",Exod_33011_33023,Exodus 33:11-23,54,0
385,0,0,-2,Vespers,"",Job_42012_42017,Job 42:12-17 LXX,55,0
386,0,0,-2,Vespers,Theotokos,Isa_52013_54001,Isaiah 52:13-54:1,56,0
387,0,0,-2,Epistle,Vespers,1Cor_1018_2002,1 Corinthians 1:18-2:2,69,0
388,0,0,-2,Gospel,Composite,Matt_27001_27038|Luke_23039_23043|Matt_27039_27054|John_19031_19037|Matt_27055_27061,"Matt. 27:1-38; Luke 23:39-43; Matt. 27:39-54; John 19:31-37; Matt. 27:55-61",79,0
389,0,0,-1,Matins,"",Ezek_37001_37014,Ezekiel 37:1-14,1,0
390,0,0,-1,Matins Epistle,composite,1Cor_5006_5008|Gal_3013_3014,"1 Corinthians 5:6-8; Galatians 3:13-14",2,0
391,0,0,-1,Matins Gospel,"",Matt_27062_27066,Matthew 27:62-66,3,0
392,0,0,-1,Vespers,"",Gen_1001_1013,Genesis 1:1-13,11,0
393,0,0,-1,Vespers,"",Isa_60001_60016,Isaiah 60:1-16,12,0
394,0,0,-1,Vespers,"",Exod_12001_12011,Exodus 12:1-11,13,0
395,0,0,-1,Vespers,"",Jonah_1001_4011,Jonah 1:1-4:11,14,0
396,0,0,-1,Vespers,"",Josh_5010_5015,Joshua 5:10-15,15,0
397,0,0,-1,Vespers,"",Exod_13020_15019,Exodus 13:20-15:19,16,0
398,0,0,-1,Vespers,"",Zeph_3008_3015,Zephaniah 3:8-15,17,0
399,0,0,-1,Vespers,"",3Kg_17008_17024,3[1] Kings 17:8-24,18,0
400,0,0,-1,Vespers,"",Isa_61010_62005,Isaiah 61:10-62:5,19,0
401,0,0,-1,Vespers,"",Gen_22001_22018,Genesis 22:1-18,20,0
402,0,0,-1,Vespers,"",Isa_61001_61009,Isaiah 61:1-9,21,0
403,0,0,-1,Vespers,"",4Kg_4008_4037,4[2] Kings 4:8-37,22,0
404,0,0,-1,Vespers,"",Isa_63011_64005,Isaiah 63:11-64:5,23,0
405,0,0,-1,Vespers,"",Jer_31031_31034,Jeremiah 31:31-34,24,0
406,0,0,-1,Vespers,"",Dan_3001_3088,"Daniel 3:1-23; Song of the Three: 1-66 with verses",25,0
407,0,0,-1,Epistle,"",Rom_6003_6011,Romans 6:3-11,69,0
408,0,0,-1,Gospel,"",Matt_28001_28020,Matthew 28:1-20,79,0
409,0,0,0,Epistle,"",Acts_1001_1008,Acts 1:1-8,69,0
410,0,0,0,Gospel,"",John_1001_1017,John 1:1-17,79,0
411,0,0,1,Vespers Gospel,"",John_20019_20025,John 20:19-25,1,0
412,0,0,1,Cross Procession,1st Reading,Matt_28001_28020,Matthew 28:1-20,2,0
413,0,0,1,Cross Procession,2nd Reading,Mark_16001_16008,Mark 16:1-8,3,0
414,0,0,1,Cross Procession,3rd Reading,Luke_24001_24012,Luke 24:1-12,4,0
415,0,0,1,Cross Procession,4th Reading,John_20001_20010,John 20:1-10,5,0
416,0,0,1,Cross Procession,5th Reading,Luke_24036_24053,Luke 24:36-53,6,0
417,0,0,1,Epistle,"",Acts_1012_1017|Acts_1021_1026,"Acts 1:12-17, 21-26",69,0
418,0,0,1,Gospel,"",John_1018_1028,John 1:18-28,79,0
419,0,0,2,Epistle,"",Acts_2014_2021,Acts 2:14-21,69,0
420,0,0,2,Gospel,"",Luke_24012_24035,Luke 24:12-35,79,0
421,0,0,3,Epistle,"",Acts_2022_2036,Acts 2:22-36,69,0
422,0,0,3,Gospel,"",John_1035_1051,John 1:35-51,79,0
423,0,0,4,Epistle,"",Acts_2038_2043,Acts 2:38-43,69,0
424,0,0,4,Gospel,"",John_3001_3015,John 3:1-15,79,0
425,0,0,5,Epistle,Theotokos,Phil_2005_2011,Philippians 2:5-11,49,0
426,0,0,5,Gospel,Theotokos,Luke_10038_10042|Luke_11027_11028,"Luke 10:38-42; 11:27-28",59,0
427,0,0,5,Epistle,"",Acts_3001_3008,Acts 3:1-8,69,0
428,0,0,5,Gospel,"",John_2012_2022,John 2:12-22,79,0
429,0,0,6,Epistle,"",Acts_3011_3016,Acts 3:11-16,69,0
430,0,0,6,Gospel,"",John_3022_3033,John 3:22-33,79,0
432,0,0,7,Epistle,"",Acts_5012_5020,Acts 5:12-20,69,0
433,0,0,7,Gospel,"",John_20019_20031,John 20:19-31,79,0
434,0,0,8,Epistle,"",Acts_3019_3026,Acts 3:19-26,69,0
435,0,0,8,Gospel,"",John_2001_2011,John 2:1-11,79,0
436,0,0,9,Epistle,"",Acts_4001_4010,Acts 4:1-10,69,0
437,0,0,9,Gospel,"",John_3016_3021,John 3:16-21,79,0
438,0,0,10,Epistle,"",Acts_4013_4022,Acts 4:13-22,69,0
439,0,0,10,Gospel,"",John_5017_5024,John 5:17-24,79,0
440,0,0,11,Epistle,"",Acts_4023_4031,Acts 4:23-31,69,0
441,0,0,11,Gospel,"",John_5024_5030,John 5:24-30,79,0
442,0,0,12,Epistle,"",Acts_5001_5011,Acts 5:1-11,69,0
443,0,0,12,Gospel,"",John_5030_6002,John 5:30-6:2,79,0
444,0,0,13,Epistle,"",Acts_5021_5033,Acts 5:21-33,69,0
445,0,0,13,Gospel,"",John_6014_6027,John 6:14-27,79,0
447,0,0,14,Epistle,"",Acts_6001_6007,Acts 6:1-7,69,0
448,0,0,14,Gospel,"",Mark_15043_16008,Mark 15:43-16:8,79,0
449,0,0,15,Epistle,"",Acts_6008_7005|Acts_7047_7060,"Acts 6:8-7:5, 47-60",69,0
450,0,0,15,Gospel,"",John_4046_4054,John 4:46-54,79,0
451,0,0,16,Epistle,"",Acts_8005_8017,Acts 8:5-17,69,0
452,0,0,16,Gospel,"",John_6027_6033,John 6:27-33,79,0
453,0,0,17,Epistle,"",Acts_8018_8025,Acts 8:18-25,69,0
454,0,0,17,Gospel,"",John_6035_6039,John 6:35-39,79,0
455,0,0,18,Epistle,"",Acts_8026_8039,Acts 8:26-39,69,0
456,0,0,18,Gospel,"",John_6040_6044,John 6:40-44,79,0
457,0,0,19,Epistle,"",Acts_8040_9019,Acts 8:40-9:19,69,0
458,0,0,19,Gospel,"",John_6048_6054,John 6:48-54,79,0
459,0,0,20,Epistle,"",Acts_9020_9031,Acts 9:20-31,69,0
460,0,0,20,Gospel,"",John_15017_16002,John 15:17-16:2,79,0
1524,7,25,999,Gospel,Saint,Luke_8016_8021,Luke 8:16-21,37,0
462,0,0,21,Epistle,"",Acts_9032_9042,Acts 9:32-42,69,0
463,0,0,21,Gospel,"",John_5001_5015,John 5:1-15,79,0
464,0,0,22,Epistle,"",Acts_10001_10016,Acts 10:1-16,69,0
465,0,0,22,Gospel,"",John_6056_6069,John 6:56-69,79,0
466,0,0,23,Epistle,"",Acts_10021_10033,Acts 10:21-33,69,0
467,0,0,23,Gospel,"",John_7001_7013,John 7:1-13,79,0
468,0,0,24,Vespers,"",Comp_19001_19003,"Composite 19 - Micah 4:2-3, 5; 6:2-5, 8; 5:4, 5",4,0
469,0,0,24,Vespers,"",Comp_20001_20004,"Composite 20 - Isaiah 55:1; 12:3-4; 55:2-13",5,0
470,0,0,24,Vespers,"",Prov_9001_9011,Proverbs 9:1-11,6,0
471,0,0,24,Epistle,"",Acts_14006_14018,Acts 14:6-18,69,0
472,0,0,24,Gospel,"",John_7014_7030,John 7:14-30,79,0
473,0,0,24,Epistle,Blessing of Waters,Heb_2011_2018,Hebrews 2:11-18,89,0
474,0,0,24,Gospel,Blessing of Waters,John_5001_5004,John 5:1-4,99,0
475,0,0,25,Epistle,"",Acts_10034_10043,Acts 10:34-43,69,0
476,0,0,25,Gospel,"",John_8012_8020,John 8:12-20,79,0
477,0,0,26,Epistle,"",Acts_10044_11010,Acts 10:44-11:10,69,0
478,0,0,26,Gospel,"",John_8021_8030,John 8:21-30,79,0
479,0,0,27,Epistle,"",Acts_12001_12011,Acts 12:1-11,69,0
480,0,0,27,Gospel,"",John_8031_8042,John 8:31-42,79,0
482,0,0,28,Epistle,"",Acts_11019_11026|Acts_11029_11030,"Acts 11:19-26, 29-30",69,0
483,0,0,28,Gospel,"",John_4005_4042,John 4:5-42,79,0
484,0,0,29,Epistle,"",Acts_12012_12017,Acts 12:12-17,69,0
485,0,0,29,Gospel,"",John_8042_8051,John 8:42-51,79,0
486,0,0,30,Epistle,"",Acts_12025_13012,Acts 12:25-13:12,69,0
487,0,0,30,Gospel,"",John_8051_8059,John 8:51-59,79,0
488,0,0,31,Epistle,"",Acts_13013_13024,Acts 13:13-24,69,0
489,0,0,31,Gospel,"",John_6005_6014,John 6:5-14,79,0
490,0,0,32,Epistle,"",Acts_14020_14027,Acts 14:20-27,69,0
491,0,0,32,Gospel,"",John_9039_10009,John 9:39-10:9,79,0
492,0,0,33,Epistle,"",Acts_15005_15034,Acts 15:5-34,69,0
493,0,0,33,Gospel,"",John_10017_10028,John 10:17-28,79,0
494,0,0,34,Epistle,"",Acts_15035_15041,Acts 15:35-41,69,0
495,0,0,34,Gospel,"",John_10027_10038,John 10:27-38,79,0
1523,7,25,999,Epistle,Saint,Gal_4022_4031,Galatians 4:22-31,36,0
497,0,0,35,Epistle,"",Acts_16016_16034,Acts 16:16-34,69,0
498,0,0,35,Gospel,"",John_9001_9038,John 9:1-38,79,0
499,0,0,36,Epistle,"",Acts_17001_17015,Acts 17:1-15,69,0
500,0,0,36,Gospel,"",John_11047_11057,John 11:47-57,79,0
501,0,0,37,Epistle,"",Acts_17019_17028,Acts 17:19-28,69,0
502,0,0,37,Gospel,"",John_12019_12036,John 12:19-36,79,0
503,0,0,38,Epistle,"",Acts_18022_18028,Acts 18:22-28,69,0
504,0,0,38,Gospel,"",John_12036_12047,John 12:36-47,79,0
505,0,0,39,Vespers,"",Isa_2002_2003,Isaiah 2:2-3,4,0
506,0,0,39,Vespers,"",Comp_21001_21004,"Composite 21 - Isaiah 62:10-63:3, 7-9",5,0
507,0,0,39,Vespers,"",Comp_22001_22001,"Composite 22 - Zechariah 14:1, 4, 8-11",6,0
508,0,0,39,Matins Gospel,"",Mark_16009_16020,Mark 16:9-20,29,0
509,0,0,39,Epistle,"",Acts_1001_1012,Acts 1:1-12,69,0
510,0,0,39,Gospel,"",Luke_24036_24053,Luke 24:36-53,79,0
511,0,0,40,Epistle,"",Acts_19001_19008,Acts 19:1-8,69,0
512,0,0,40,Gospel,"",John_14001_14011,John 14:1-11,79,0
513,0,0,41,Epistle,"",Acts_20007_20012,Acts 20:7-12,69,0
514,0,0,41,Gospel,"",John_14010_14021,John 14:10-21,79,0
515,0,0,42,Vespers,"",Gen_14014_14020,Genesis 14:14-20,4,0
516,0,0,42,Vespers,"",Deut_1008_1011|Deut_1015_1017,"Deuteronomy 1:8-11, 15-17",5,0
517,0,0,42,Vespers,"",Deut_10014_10021,Deuteronomy 10:14-21,6,0
1522,6,19,999,Matins Gospel,"",John_21015_21025,John 21:15-25,29,0
519,0,0,42,Epistle,"",Acts_20016_20018|Acts_20028_20036,"Acts 20:16-18, 28-36",69,0
520,0,0,42,Gospel,"",John_17001_17013,John 17:1-13,79,0
521,0,0,43,Epistle,"",Acts_21008_21014,Acts 21:8-14,69,0
522,0,0,43,Gospel,"",John_14027_15007,John 14:27-15:7,79,0
523,0,0,44,Epistle,"",Acts_21026_21032,Acts 21:26-32,69,0
524,0,0,44,Gospel,"",John_16002_16013,John 16:2-13,79,0
525,0,0,45,Epistle,"",Acts_23001_23011,Acts 23:1-11,69,0
526,0,0,45,Gospel,"",John_16015_16023,John 16:15-23,79,0
527,0,0,46,Epistle,"",Acts_25013_25019,Acts 25:13-19,69,0
528,0,0,46,Gospel,"",John_16023_16033,John 16:23-33,79,0
529,0,0,47,Epistle,"",Acts_27001_27044,Acts 27:1-44,69,0
530,0,0,47,Gospel,"",John_17018_17026,John 17:18-26,79,0
531,0,0,48,Epistle,Departed,1Thess_4013_4017,1 Thessalonians 4:13-17,49,0
532,0,0,48,Epistle,"Departed, variant",1Cor_15047_15057,1 Corinthians 15:47-57,50,0
533,0,0,48,Gospel,Departed,John_5024_5030,John 5:24-30,59,0
534,0,0,48,Gospel,"Departed, variant",John_6035_6039,John 6:35-39,60,0
535,0,0,48,Epistle,"",Acts_28001_28031,Acts 28:1-31,69,0
536,0,0,48,Gospel,"",John_21015_21025,John 21:15-25,79,0
537,0,0,49,Vespers,"",Num_11016_11017|Num_11024_11029,"Numbers 11:16-17, 24-29",4,0
538,0,0,49,Vespers,"",Joel_2023_2032,Joel 2:23-32,5,0
539,0,0,49,Vespers,"",Ezek_36024_36028,Ezekiel 36:24-28,6,0
540,0,0,49,Matins Gospel,"",John_20019_20023,John 20:19-23,39,0
541,0,0,49,Epistle,"",Acts_2001_2011,Acts 2:1-11,69,0
542,0,0,49,Gospel,"",John_7037_7052|John_8012_8012,"John 7:37-52, 8:12",79,0
543,0,0,50,Epistle,"",Eph_5009_5019,Ephesians 5:9-19,69,0
544,0,0,50,Gospel,"",Matt_18010_18020,Matthew 18:10-20,79,0
545,0,0,51,Epistle,"",Rom_1001_1007|Rom_1013_1017,"Romans 1:1-7, 13-17",69,0
546,0,0,51,Gospel,"",Matt_4025_5013,Matthew 4:25-5:13,79,0
547,0,0,52,Epistle,"",Rom_1018_1027,Romans 1:18-27,69,0
548,0,0,52,Gospel,"",Matt_5020_5026,Matthew 5:20-26,79,0
549,0,0,53,Epistle,"",Rom_1028_2009,Romans 1:28-2:9,69,0
550,0,0,53,Gospel,"",Matt_5027_5032,Matthew 5:27-32,79,0
551,0,0,54,Epistle,"",Rom_2014_2029,Romans 2:14-29,69,0
552,0,0,54,Gospel,"",Matt_5033_5041,Matthew 5:33-41,79,0
553,0,0,55,Epistle,"",Rom_1007_1012,Romans 1:7-12,69,0
554,0,0,55,Gospel,"",Matt_5042_5048,Matthew 5:42-48,79,0
555,0,0,56,Vespers,,Isa_43009_43014,Isaiah 43:9-14,3,0
556,0,0,56,Vespers,,Wis_3001_3009,Wisdom of Solomon 3:1-9,5,0
557,0,0,56,Vespers,,Wis_5015_6003,Wisdom of Solomon 5:15-6:3,6,0
558,0,0,56,Epistle,"",Heb_11033_12002,Hebrews 11:33-12:2,69,0
559,0,0,56,Gospel,"",Matt_10032_10033|Matt_10037_10038|Matt_19027_19030,"Matthew 10:32-33, 37-38, 19:27-30",79,0
560,0,0,57,Epistle,"",Rom_2028_3018,Romans 2:28-3:18,69,0
561,0,0,57,Gospel,"",Matt_6031_6034|Matt_7009_7011,"Matthew 6:31-34, 7:9-11",79,0
562,0,0,58,Epistle,"",Rom_4004_4012,Romans 4:4-12,69,0
563,0,0,58,Gospel,"",Matt_7015_7021,Matthew 7:15-21,79,0
564,0,0,59,Epistle,"",Rom_4013_4025,Romans 4:13-25,69,0
565,0,0,59,Gospel,"",Matt_7021_7023,Matthew 7:21-23,79,0
566,0,0,60,Epistle,"",Rom_5010_5016,Romans 5:10-16,69,0
567,0,0,60,Gospel,"",Matt_8023_8027,Matthew 8:23-27,79,0
568,0,0,61,Epistle,"",Rom_5017_6002,Romans 5:17-6:2,69,0
569,0,0,61,Gospel,"",Matt_9014_9017,Matthew 9:14-17,79,0
570,0,0,62,Epistle,"",Rom_3019_3026,Romans 3:19-26,69,0
571,0,0,62,Gospel,"",Matt_7001_7008,Matthew 7:1-8,79,0
572,0,0,63,Vespers,"",Isa_43009_43014,Isaiah 43:9-14,4,0
573,0,0,63,Vespers,"",Wis_3001_3009,Wisdom of Solomon 3:1-9,5,0
574,0,0,63,Vespers,"",Wis_5015_6003,Wisdom of Solomon 5:15-6:3,6,0
575,0,0,63,Epistle,Saints,Heb_11033_12002,Hebrews 11:33-12:2,49,0
576,0,0,63,Gospel,Saints,Matt_4025_5012,Matthew 4:25-5:12,59,0
577,0,0,63,Epistle,"",Rom_2010_2016,Romans 2:10-16,69,0
578,0,0,63,Gospel,"",Matt_4018_4023,Matthew 4:18-23,79,0
579,0,0,64,Epistle,"",Rom_7001_7013,Romans 7:1-13,69,0
580,0,0,64,Gospel,"",Matt_9036_10008,Matthew 9:36-10:8,79,0
581,0,0,65,Epistle,"",Rom_7014_8002,Romans 7:14-8:2,69,0
582,0,0,65,Gospel,"",Matt_10009_10015,Matthew 10:9-15,79,0
583,0,0,66,Epistle,"",Rom_8002_8013,Romans 8:2-13,69,0
584,0,0,66,Gospel,"",Matt_10016_10022,Matthew 10:16-22,79,0
585,0,0,67,Epistle,"",Rom_8022_8027,Romans 8:22-27,69,0
586,0,0,67,Gospel,"",Matt_10023_10031,Matthew 10:23-31,79,0
587,0,0,68,Epistle,"",Rom_9006_9019,Romans 9:6-19,69,0
588,0,0,68,Gospel,"",Matt_10032_10036|Matt_11001_11001,"Matthew 10:32-36, 11:1",79,0
589,0,0,69,Epistle,"",Rom_3028_4003,Romans 3:28-4:3,69,0
590,0,0,69,Gospel,"",Matt_7024_8004,Matthew 7:24-8:4,79,0
591,0,0,70,Epistle,"",Rom_5001_5010,Romans 5:1-10,69,0
592,0,0,70,Gospel,"",Matt_6022_6033,Matthew 6:22-33,79,0
593,0,0,71,Epistle,"",Rom_9018_9033,Romans 9:18-33,69,0
594,0,0,71,Gospel,"",Matt_11002_11015,Matthew 11:2-15,79,0
595,0,0,72,Epistle,"",Rom_10011_11002,Romans 10:11-11:2,69,0
596,0,0,72,Gospel,"",Matt_11016_11020,Matthew 11:16-20,79,0
597,0,0,73,Epistle,"",Rom_11002_11012,Romans 11:2-12,69,0
598,0,0,73,Gospel,"",Matt_11020_11026,Matthew 11:20-26,79,0
599,0,0,74,Epistle,"",Rom_11013_11024,Romans 11:13-24,69,0
600,0,0,74,Gospel,"",Matt_11027_11030,Matthew 11:27-30,79,0
601,0,0,75,Epistle,"",Rom_11025_11036,Romans 11:25-36,69,0
602,0,0,75,Gospel,"",Matt_12001_12008,Matthew 12:1-8,79,0
603,0,0,76,Epistle,"",Rom_6011_6017,Romans 6:11-17,69,0
604,0,0,76,Gospel,"",Matt_8014_8023,Matthew 8:14-23,79,0
605,0,0,77,Epistle,"",Rom_6018_6023,Romans 6:18-23,69,0
606,0,0,77,Gospel,"",Matt_8005_8013,Matthew 8:5-13,79,0
607,0,0,78,Epistle,"",Rom_12004_12005|Rom_12015_12021,"Romans 12:4-5, 15-21",69,0
608,0,0,78,Gospel,"",Matt_12009_12013,Matthew 12:9-13,79,0
609,0,0,79,Epistle,"",Rom_14009_14018,Romans 14:9-18,69,0
610,0,0,79,Gospel,"",Matt_12014_12016|Matt_12022_12030,"Matthew 12:14-16, 22-30",79,0
611,0,0,80,Epistle,"",Rom_15007_15016,Romans 15:7-16,69,0
612,0,0,80,Gospel,"",Matt_12038_12045,Matthew 12:38-45,79,0
613,0,0,81,Epistle,"",Rom_15017_15029,Romans 15:17-29,69,0
614,0,0,81,Gospel,"",Matt_12046_13003,Matthew 12:46-13:3,79,0
615,0,0,82,Epistle,"",Rom_16001_16016,Romans 16:1-16,69,0
616,0,0,82,Gospel,"",Matt_13004_13009,Matthew 13:4-9,79,0
617,0,0,83,Epistle,"",Rom_8014_8021,Romans 8:14-21,69,0
618,0,0,83,Gospel,"",Matt_9009_9013,Matthew 9:9-13,79,0
619,0,0,84,Epistle,"",Rom_10001_10010,Romans 10:1-10,69,0
620,0,0,84,Gospel,"",Matt_8028_9001,Matthew 8:28-9:1,79,0
621,0,0,85,Epistle,"",Rom_16017_16024,Romans 16:17-24,69,0
622,0,0,85,Gospel,"",Matt_13010_13023,Matthew 13:10-23,79,0
623,0,0,86,Epistle,"",1Cor_1001_1009,1 Corinthians 1:1-9,69,0
624,0,0,86,Gospel,"",Matt_13024_13030,Matthew 13:24-30,79,0
625,0,0,87,Epistle,"",1Cor_2009_3008,1 Corinthians 2:9-3:8,69,0
626,0,0,87,Gospel,"",Matt_13031_13036,Matthew 13:31-36,79,0
627,0,0,88,Epistle,"",1Cor_3018_3023,1 Corinthians 3:18-23,69,0
628,0,0,88,Gospel,"",Matt_13036_13043,Matthew 13:36-43,79,0
629,0,0,89,Epistle,"",1Cor_4005_4008,1 Corinthians 4:5-8,69,0
630,0,0,89,Gospel,"",Matt_13044_13054,Matthew 13:44-54,79,0
631,0,0,90,Epistle,"",Rom_9001_9005,Romans 9:1-5,69,0
632,0,0,90,Gospel,"",Matt_9018_9026,Matthew 9:18-26,79,0
633,0,0,91,Epistle,"",Rom_12006_12014,Romans 12:6-14,69,0
634,0,0,91,Gospel,"",Matt_9001_9008,Matthew 9:1-8,79,0
635,0,0,92,Epistle,"",1Cor_5009_6011,1 Corinthians 5:9-6:11,69,0
636,0,0,92,Gospel,"",Matt_13054_13058,Matthew 13:54-58,79,0
637,0,0,93,Epistle,"",1Cor_6020_7012,1 Corinthians 6:20-7:12,69,0
638,0,0,93,Gospel,"",Matt_14001_14013,Matthew 14:1-13,79,0
639,0,0,94,Epistle,"",1Cor_7012_7024,1 Corinthians 7:12-24,69,0
640,0,0,94,Gospel,"",Matt_14035_15011,Matthew 14:35-15:11,79,0
641,0,0,95,Epistle,"",1Cor_7024_7035,1 Corinthians 7:24-35,69,0
642,0,0,95,Gospel,"",Matt_15012_15021,Matthew 15:12-21,79,0
643,0,0,96,Epistle,"",1Cor_7035_8007,1 Corinthians 7:35-8:7,69,0
644,0,0,96,Gospel,"",Matt_15029_15031,Matthew 15:29-31,79,0
645,0,0,97,Epistle,"",Rom_12001_12003,Romans 12:1-3,69,0
646,0,0,97,Gospel,"",Matt_10037_11001,Matthew 10:37-11:1,79,0
647,0,0,98,Epistle,"",Rom_15001_15007,Romans 15:1-7,69,0
648,0,0,98,Gospel,"",Matt_9027_9035,Matthew 9:27-35,79,0
649,0,0,99,Epistle,"",1Cor_9013_9018,1 Corinthians 9:13-18,69,0
650,0,0,99,Gospel,"",Matt_16001_16006,Matthew 16:1-6,79,0
651,0,0,100,Epistle,"",1Cor_10005_10012,1 Corinthians 10:5-12,69,0
652,0,0,100,Gospel,"",Matt_16006_16012,Matthew 16:6-12,79,0
653,0,0,101,Epistle,"",1Cor_10012_10022,1 Corinthians 10:12-22,69,0
654,0,0,101,Gospel,"",Matt_16020_16024,Matthew 16:20-24,79,0
655,0,0,102,Epistle,"",1Cor_10028_11007,1 Corinthians 10:28-11:7,69,0
656,0,0,102,Gospel,"",Matt_16024_16028,Matthew 16:24-28,79,0
657,0,0,103,Epistle,"",1Cor_11008_11022,1 Corinthians 11:8-22,69,0
658,0,0,103,Gospel,"",Matt_17010_17018,Matthew 17:10-18,79,0
659,0,0,104,Epistle,"",Rom_13001_13010,Romans 13:1-10,69,0
660,0,0,104,Gospel,"",Matt_12030_12037,Matthew 12:30-37,79,0
661,0,0,105,Epistle,"",1Cor_1010_1018,1 Corinthians 1:10-18,69,0
662,0,0,105,Gospel,"",Matt_14014_14022,Matthew 14:14-22,79,0
663,0,0,106,Epistle,"",1Cor_11031_12006,1 Corinthians 11:31-12:6,69,0
664,0,0,106,Gospel,"",Matt_18001_18011,Matthew 18:1-11,79,0
665,0,0,107,Epistle,"",1Cor_12012_12026,1 Corinthians 12:12-26,69,0
666,0,0,107,Gospel,"",Matt_18018_18022|Matt_19001_19002|Matt_19013_19015,"Matthew 18:18-22, 19:1-2, 13-15",79,0
667,0,0,108,Epistle,"",1Cor_13004_14005,1 Corinthians 13:4-14:5,69,0
668,0,0,108,Gospel,"",Matt_20001_20016,Matthew 20:1-16,79,0
669,0,0,109,Epistle,"",1Cor_14006_14019,1 Corinthians 14:6-19,69,0
670,0,0,109,Gospel,"",Matt_20017_20028,Matthew 20:17-28,79,0
671,0,0,110,Epistle,"",1Cor_14026_14040,1 Corinthians 14:26-40,69,0
672,0,0,110,Gospel,"",Matt_21012_21014|Matt_21017_21020,"Matthew 21:12-14, 17-20",79,0
673,0,0,111,Epistle,"",Rom_14006_14009,Romans 14:6-9,69,0
674,0,0,111,Gospel,"",Matt_15032_15039,Matthew 15:32-39,79,0
675,0,0,112,Epistle,"",1Cor_3009_3017,1 Corinthians 3:9-17,69,0
676,0,0,112,Gospel,"",Matt_14022_14034,Matthew 14:22-34,79,0
677,0,0,113,Epistle,"",1Cor_15012_15019,1 Corinthians 15:12-19,69,0
678,0,0,113,Gospel,"",Matt_21018_21022,Matthew 21:18-22,79,0
679,0,0,114,Epistle,"",1Cor_15029_15038,1 Corinthians 15:29-38,69,0
680,0,0,114,Gospel,"",Matt_21023_21027,Matthew 21:23-27,79,0
681,0,0,115,Epistle,"",1Cor_16004_16012,1 Corinthians 16:4-12,69,0
682,0,0,115,Gospel,"",Matt_21028_21032,Matthew 21:28-32,79,0
683,0,0,116,Epistle,"",2Cor_1001_1007,2 Corinthians 1:1-7,69,0
684,0,0,116,Gospel,"",Matt_21043_21046,Matthew 21:43-46,79,0
685,0,0,117,Epistle,"",2Cor_1012_1020,2 Corinthians 1:12-20,69,0
686,0,0,117,Gospel,"",Matt_22023_22033,Matthew 22:23-33,79,0
687,0,0,118,Epistle,"",Rom_15030_15033,Romans 15:30-33,69,0
688,0,0,118,Gospel,"",Matt_17024_18004,Matthew 17:24-18:4,79,0
689,0,0,119,Epistle,"",1Cor_4009_4016,1 Corinthians 4:9-16,69,0
690,0,0,119,Gospel,"",Matt_17014_17023,Matthew 17:14-23,79,0
691,0,0,120,Epistle,"",2Cor_2004_2015,2 Corinthians 2:4-15,69,0
692,0,0,120,Gospel,"",Matt_23013_23022,Matthew 23:13-22,79,0
693,0,0,121,Epistle,"",2Cor_2014_3003,2 Corinthians 2:14-3:3,69,0
694,0,0,121,Gospel,"",Matt_23023_23028,Matthew 23:23-28,79,0
695,0,0,122,Epistle,"",2Cor_3004_3011,2 Corinthians 3:4-11,69,0
696,0,0,122,Gospel,"",Matt_23029_23039,Matthew 23:29-39,79,0
697,0,0,123,Epistle,"",2Cor_4001_4006,2 Corinthians 4:1-6,69,0
698,0,0,123,Gospel,"",Matt_24013_24028,Matthew 24:13-28,79,0
699,0,0,124,Epistle,"",2Cor_4013_4018,2 Corinthians 4:13-18,69,0
700,0,0,124,Gospel,"",Matt_24027_24033|Matt_24042_24051,"Matthew 24:27-33, 42-51",79,0
701,0,0,125,Epistle,"",1Cor_1003_1009,1 Corinthians 1:3-9,69,0
702,0,0,125,Gospel,"",Matt_19003_19012,Matthew 19:3-12,79,0
703,0,0,126,Epistle,"",1Cor_9002_9012,1 Corinthians 9:2-12,69,0
704,0,0,126,Gospel,"",Matt_18023_18035,Matthew 18:23-35,79,0
705,0,0,127,Epistle,"",2Cor_5010_5015,2 Corinthians 5:10-15,69,0
706,0,0,127,Gospel,"",Mark_1009_1015,Mark 1:9-15,79,0
707,0,0,128,Epistle,"",2Cor_5015_5021,2 Corinthians 5:15-21,69,0
708,0,0,128,Gospel,"",Mark_1016_1022,Mark 1:16-22,79,0
709,0,0,129,Epistle,"",2Cor_6011_6016,2 Corinthians 6:11-16,69,0
710,0,0,129,Gospel,"",Mark_1023_1028,Mark 1:23-28,79,0
711,0,0,130,Epistle,"",2Cor_7001_7010,2 Corinthians 7:1-10,69,0
712,0,0,130,Gospel,"",Mark_1029_1035,Mark 1:29-35,79,0
713,0,0,131,Epistle,"",2Cor_7010_7016,2 Corinthians 7:10-16,69,0
714,0,0,131,Gospel,"",Mark_2018_2022,Mark 2:18-22,79,0
715,0,0,132,Epistle,"",1Cor_1026_1029,1 Corinthians 1:26-29,69,0
716,0,0,132,Gospel,"",Matt_20029_20034,Matthew 20:29-34,79,0
717,0,0,133,Epistle,"",1Cor_15001_15011,1 Corinthians 15:1-11,69,0
718,0,0,133,Gospel,"",Matt_19016_19026,Matthew 19:16-26,79,0
719,0,0,134,Epistle,"",2Cor_8007_8015,2 Corinthians 8:7-15,69,0
720,0,0,134,Gospel,"",Mark_3006_3012,Mark 3:6-12,79,0
721,0,0,135,Epistle,"",2Cor_8016_9005,2 Corinthians 8:16-9:5,69,0
722,0,0,135,Gospel,"",Mark_3013_3019,Mark 3:13-19,79,0
723,0,0,136,Epistle,"",2Cor_9012_10007,2 Corinthians 9:12-10:7,69,0
724,0,0,136,Gospel,"",Mark_3020_3027,Mark 3:20-27,79,0
725,0,0,137,Epistle,"",2Cor_10007_10018,2 Corinthians 10:7-18,69,0
726,0,0,137,Gospel,"",Mark_3028_3035,Mark 3:28-35,79,0
727,0,0,138,Epistle,"",2Cor_11005_11021,2 Corinthians 11:5-21,69,0
728,0,0,138,Gospel,"",Mark_4001_4009,Mark 4:1-9,79,0
729,0,0,139,Epistle,"",1Cor_2006_2009,1 Corinthians 2:6-9,69,0
730,0,0,139,Gospel,"",Matt_22015_22022,Matthew 22:15-22,79,0
731,0,0,140,Epistle,"",1Cor_16013_16024,1 Corinthians 16:13-24,69,0
732,0,0,140,Gospel,"",Matt_21033_21042,Matthew 21:33-42,79,0
733,0,0,141,Epistle,"",2Cor_12010_12019,2 Corinthians 12:10-19,69,0
734,0,0,141,Gospel,"",Mark_4010_4023,Mark 4:10-23,79,0
735,0,0,142,Epistle,"",2Cor_12020_13002,2 Corinthians 12:20-13:2,69,0
736,0,0,142,Gospel,"",Mark_4024_4034,Mark 4:24-34,79,0
737,0,0,143,Epistle,"",2Cor_13003_13014,2 Corinthians 13:3-14,69,0
738,0,0,143,Gospel,"",Mark_4035_4041,Mark 4:35-41,79,0
739,0,0,144,Epistle,"",Gal_1001_1010|Gal_1020_2005,"Galatians 1:1-10, 20-2:5",69,0
740,0,0,144,Gospel,"",Mark_5001_5020,Mark 5:1-20,79,0
741,0,0,145,Epistle,"",Gal_2006_2010,Galatians 2:6-10,69,0
742,0,0,145,Gospel,"",Mark_5022_5024|Mark_5035_6001,"Mark 5:22-24, 35-6:1",79,0
743,0,0,146,Epistle,"",1Cor_4001_4005,1 Corinthians 4:1-5,69,0
744,0,0,146,Gospel,"",Matt_23001_23012,Matthew 23:1-12,79,0
745,0,0,147,Epistle,"",2Cor_1021_2004,2 Corinthians 1:21-2:4,69,0
746,0,0,147,Gospel,"",Matt_22001_22014,Matthew 22:1-14,79,0
747,0,0,148,Epistle,"",Gal_2011_2016,Galatians 2:11-16,69,0
748,0,0,148,Gospel,"",Mark_5024_5034,Mark 5:24-34,79,0
749,0,0,149,Epistle,"",Gal_2021_3007,Galatians 2:21-3:7,69,0
750,0,0,149,Gospel,"",Mark_6001_6007,Mark 6:1-7,79,0
751,0,0,150,Epistle,"",Gal_3015_3022,Galatians 3:15-22,69,0
752,0,0,150,Gospel,"",Mark_6007_6013,Mark 6:7-13,79,0
753,0,0,151,Epistle,"",Gal_3023_4005,Galatians 3:23-4:5,69,0
754,0,0,151,Gospel,"",Mark_6030_6045,Mark 6:30-45,79,0
755,0,0,152,Epistle,"",Gal_4008_4021,Galatians 4:8-21,69,0
756,0,0,152,Gospel,"",Mark_6045_6053,Mark 6:45-53,79,0
757,0,0,153,Epistle,"",1Cor_4017_5005,1 Corinthians 4:17-5:5,69,0
758,0,0,153,Gospel,"",Matt_24001_24013,Matthew 24:1-13,79,0
759,0,0,154,Epistle,"",2Cor_4006_4015,2 Corinthians 4:6-15,69,0
760,0,0,154,Gospel,"",Matt_22035_22046,Matthew 22:35-46,79,0
761,0,0,155,Epistle,"",Gal_4028_5010,Galatians 4:28-5:10,69,0
762,0,0,155,Gospel,"",Mark_6054_7008,Mark 6:54-7:8,79,0
763,0,0,156,Epistle,"",Gal_5011_5021,Galatians 5:11-21,69,0
764,0,0,156,Gospel,"",Mark_7005_7016,Mark 7:5-16,79,0
765,0,0,157,Epistle,"",Gal_6002_6010,Galatians 6:2-10,69,0
766,0,0,157,Gospel,"",Mark_7014_7024,Mark 7:14-24,79,0
767,0,0,158,Epistle,"",Eph_1001_1009,Ephesians 1:1-9,69,0
768,0,0,158,Gospel,"",Mark_7024_7030,Mark 7:24-30,79,0
769,0,0,159,Epistle,"",Eph_1007_1017,Ephesians 1:7-17,69,0
770,0,0,159,Gospel,"",Mark_8001_8010,Mark 8:1-10,79,0
771,0,0,160,Epistle,"",1Cor_10023_10028,1 Corinthians 10:23-28,69,0
772,0,0,160,Gospel,"",Matt_24034_24044,Matthew 24:34-44,79,0
773,0,0,161,Epistle,"",2Cor_6001_6010,2 Corinthians 6:1-10,69,0
774,0,0,161,Gospel,"",Matt_25014_25030,Matthew 25:14-30,79,0
775,0,0,162,Epistle,"",Eph_1022_2003,Ephesians 1:22-2:3,69,0
776,0,0,162,Gospel,"",Mark_10046_10052,Mark 10:46-52,79,0
777,0,0,163,Epistle,"",Eph_2019_3007,Ephesians 2:19-3:7,69,0
778,0,0,163,Gospel,"",Mark_11011_11023,Mark 11:11-23,79,0
779,0,0,164,Epistle,"",Eph_3008_3021,Ephesians 3:8-21,69,0
780,0,0,164,Gospel,"",Mark_11022_11026,Mark 11:22-26,79,0
781,0,0,165,Epistle,"",Eph_4014_4019,Ephesians 4:14-19,69,0
782,0,0,165,Gospel,"",Mark_11027_11033,Mark 11:27-33,79,0
783,0,0,166,Epistle,"",Eph_4017_4025,Ephesians 4:17-25,69,0
784,0,0,166,Gospel,"",Mark_12001_12012,Mark 12:1-12,79,0
785,0,0,167,Epistle,"",1Cor_14020_14025,1 Corinthians 14:20-25,69,0
786,0,0,167,Gospel,"",Matt_25001_25013,Matthew 25:1-13,79,0
787,0,0,168,Epistle,"",2Cor_6016_7001,2 Corinthians 6:16-7:1,69,0
788,0,0,168,Gospel,"",Matt_15021_15028,Matthew 15:21-28,79,0
789,0,0,169,Epistle,"",Eph_4025_4032,Ephesians 4:25-32,69,0
790,0,0,169,Gospel,"",Luke_3019_3022,Luke 3:19-22,79,0
791,0,0,170,Epistle,"",Eph_5020_5026,Ephesians 5:20-26,69,0
792,0,0,170,Gospel,"",Luke_3023_4001,Luke 3:23-4:1,79,0
793,0,0,171,Epistle,"",Eph_5025_5033,Ephesians 5:25-33,69,0
794,0,0,171,Gospel,"",Luke_4001_4015,Luke 4:1-15,79,0
795,0,0,172,Epistle,"",Eph_5033_6009,Ephesians 5:33-6:9,69,0
796,0,0,172,Gospel,"",Luke_4016_4022,Luke 4:16-22,79,0
797,0,0,173,Epistle,"",Eph_6018_6024,Ephesians 6:18-24,69,0
798,0,0,173,Gospel,"",Luke_4022_4030,Luke 4:22-30,79,0
799,0,0,174,Epistle,"",1Cor_15039_15045,1 Corinthians 15:39-45,69,0
800,0,0,174,Gospel,"",Luke_4031_4036,Luke 4:31-36,79,0
801,0,0,175,Epistle,"",2Cor_9006_9011,2 Corinthians 9:6-11,69,0
802,0,0,175,Gospel,"",Luke_5001_5011,Luke 5:1-11,79,0
803,0,0,176,Epistle,"",Phil_1001_1007,Philippians 1:1-7,69,0
804,0,0,176,Gospel,"",Luke_4037_4044,Luke 4:37-44,79,0
805,0,0,177,Epistle,"",Phil_1008_1014,Philippians 1:8-14,69,0
806,0,0,177,Gospel,"",Luke_5012_5016,Luke 5:12-16,79,0
807,0,0,178,Epistle,"",Phil_1012_1020,Philippians 1:12-20,69,0
808,0,0,178,Gospel,"",Luke_5033_5039,Luke 5:33-39,79,0
809,0,0,179,Epistle,"",Phil_1020_1027,Philippians 1:20-27,69,0
810,0,0,179,Gospel,"",Luke_6012_6019,Luke 6:12-19,79,0
811,0,0,180,Epistle,"",Phil_1027_2004,Philippians 1:27-2:4,69,0
812,0,0,180,Gospel,"",Luke_6017_6023,Luke 6:17-23,79,0
813,0,0,181,Epistle,"",1Cor_15058_16003,1 Corinthians 15:58-16:3,69,0
814,0,0,181,Gospel,"",Luke_5017_5026,Luke 5:17-26,79,0
815,0,0,182,Epistle,"",2Cor_11031_12009,2 Corinthians 11:31-12:9,69,0
816,0,0,182,Gospel,"",Luke_6031_6036,Luke 6:31-36,79,0
817,0,0,183,Epistle,"",Phil_2012_2016,Philippians 2:12-16,69,0
818,0,0,183,Gospel,"",Luke_6024_6030,Luke 6:24-30,79,0
819,0,0,184,Epistle,"",Phil_2017_2023,Philippians 2:17-23,69,0
820,0,0,184,Gospel,"",Luke_6037_6045,Luke 6:37-45,79,0
821,0,0,185,Epistle,"",Phil_2024_2030,Philippians 2:24-30,69,0
822,0,0,185,Gospel,"",Luke_6046_7001,Luke 6:46-7:1,79,0
823,0,0,186,Epistle,"",Phil_3001_3008,Philippians 3:1-8,69,0
824,0,0,186,Gospel,"",Luke_7017_7030,Luke 7:17-30,79,0
825,0,0,187,Epistle,"",Phil_3008_3019,Philippians 3:8-19,69,0
826,0,0,187,Gospel,"",Luke_7031_7035,Luke 7:31-35,79,0
827,0,0,188,Epistle,"",2Cor_1008_1011,2 Corinthians 1:8-11,69,0
828,0,0,188,Gospel,"",Luke_5027_5032,Luke 5:27-32,79,0
829,0,0,189,Epistle,"",Gal_1011_1019,Galatians 1:11-19,69,0
830,0,0,189,Gospel,"",Luke_7011_7016,Luke 7:11-16,79,0
831,0,0,190,Epistle,"",Phil_4010_4023,Philippians 4:10-23,69,0
832,0,0,190,Gospel,"",Luke_7036_7050,Luke 7:36-50,79,0
833,0,0,191,Epistle,"",Col_1001_1002|Col_1007_1011,"Colossians 1:1-2, 7-11",69,0
834,0,0,191,Gospel,"",Luke_8001_8003,Luke 8:1-3,79,0
835,0,0,192,Epistle,"",Col_1018_1023,Colossians 1:18-23,69,0
836,0,0,192,Gospel,"",Luke_8022_8025,Luke 8:22-25,79,0
837,0,0,193,Epistle,"",Col_1024_1029,Colossians 1:24-29,69,0
838,0,0,193,Gospel,"",Luke_9007_9011,Luke 9:7-11,79,0
839,0,0,194,Epistle,"",Col_2001_2007,Colossians 2:1-7,69,0
840,0,0,194,Gospel,"",Luke_9012_9018,Luke 9:12-18,79,0
841,0,0,195,Epistle,"",2Cor_3012_3018,2 Corinthians 3:12-18,69,0
842,0,0,195,Gospel,"",Luke_6001_6010,Luke 6:1-10,79,0
843,0,0,196,Epistle,"",Gal_2016_2020,Galatians 2:16-20,69,0
844,0,0,196,Gospel,"",Luke_8005_8015,Luke 8:5-15,79,0
845,0,0,197,Epistle,"",Col_2013_2020,Colossians 2:13-20,69,0
846,0,0,197,Gospel,"",Luke_9018_9022,Luke 9:18-22,79,0
847,0,0,198,Epistle,"",Col_2020_3003,Colossians 2:20-3:3,69,0
848,0,0,198,Gospel,"",Luke_9023_9027,Luke 9:23-27,79,0
849,0,0,199,Epistle,"",Col_3017_4001,Colossians 3:17-4:1,69,0
850,0,0,199,Gospel,"",Luke_9044_9050,Luke 9:44-50,79,0
851,0,0,200,Epistle,"",Col_4002_4009,Colossians 4:2-9,69,0
852,0,0,200,Gospel,"",Luke_9049_9056,Luke 9:49-56,79,0
853,0,0,201,Epistle,"",Col_4010_4018,Colossians 4:10-18,69,0
854,0,0,201,Gospel,"",Luke_10001_10015,Luke 10:1-15,79,0
855,0,0,202,Epistle,"",2Cor_5001_5010,2 Corinthians 5:1-10,69,0
856,0,0,202,Gospel,"",Luke_7001_7010,Luke 7:1-10,79,0
857,0,0,203,Epistle,"",Gal_6011_6018,Galatians 6:11-18,69,0
858,0,0,203,Gospel,"",Luke_16019_16031,Luke 16:19-31,79,0
859,0,0,204,Epistle,"",1Thess_1001_1005,1 Thessalonians 1:1-5,69,0
860,0,0,204,Gospel,"",Luke_10022_10024,Luke 10:22-24,79,0
861,0,0,205,Epistle,"",1Thess_1006_1010,1 Thessalonians 1:6-10,69,0
862,0,0,205,Gospel,"",Luke_11001_11010,Luke 11:1-10,79,0
863,0,0,206,Epistle,"",1Thess_2001_2008,1 Thessalonians 2:1-8,69,0
864,0,0,206,Gospel,"",Luke_11009_11013,Luke 11:9-13,79,0
865,0,0,207,Epistle,"",1Thess_2009_2014,1 Thessalonians 2:9-14,69,0
866,0,0,207,Gospel,"",Luke_11014_11023,Luke 11:14-23,79,0
867,0,0,208,Epistle,"",1Thess_2014_2019,1 Thessalonians 2:14-19,69,0
868,0,0,208,Gospel,"",Luke_11023_11026,Luke 11:23-26,79,0
869,0,0,209,Epistle,"",2Cor_8001_8005,2 Corinthians 8:1-5,69,0
870,0,0,209,Gospel,"",Luke_8016_8021,Luke 8:16-21,79,0
871,0,0,210,Epistle,"",Eph_2004_2010,Ephesians 2:4-10,69,0
872,0,0,210,Gospel,"",Luke_8026_8039,Luke 8:26-39,79,0
873,0,0,211,Epistle,"",1Thess_2020_3008,1 Thessalonians 2:20-3:8,69,0
874,0,0,211,Gospel,"",Luke_11029_11033,Luke 11:29-33,79,0
875,0,0,212,Epistle,"",1Thess_3009_3013,1 Thessalonians 3:9-13,69,0
876,0,0,212,Gospel,"",Luke_11034_11041,Luke 11:34-41,79,0
877,0,0,213,Epistle,"",1Thess_4001_4012,1 Thessalonians 4:1-12,69,0
878,0,0,213,Gospel,"",Luke_11042_11046,Luke 11:42-46,79,0
879,0,0,214,Epistle,"",1Thess_5001_5008,1 Thessalonians 5:1-8,69,0
880,0,0,214,Gospel,"",Luke_11047_12001,Luke 11:47-12:1,79,0
881,0,0,215,Epistle,"",1Thess_5009_5013|1Thess_5024_5028,"1 Thessalonians 5:9-13, 24-28",69,0
882,0,0,215,Gospel,"",Luke_12002_12012,Luke 12:2-12,79,0
883,0,0,216,Epistle,"",2Cor_11001_11006,2 Corinthians 11:1-6,69,0
884,0,0,216,Gospel,"",Luke_9001_9006,Luke 9:1-6,79,0
885,0,0,217,Epistle,"",Eph_2014_2022,Ephesians 2:14-22,69,0
886,0,0,217,Gospel,"",Luke_8041_8056,Luke 8:41-56,79,0
887,0,0,218,Epistle,"",2Thess_1001_1010,2 Thessalonians 1:1-10,69,0
888,0,0,218,Gospel,"",Luke_12013_12015|Luke_12022_12031,"Luke 12:13-15, 22-31",79,0
889,0,0,219,Epistle,"",2Thess_1010_2002,2 Thessalonians 1:10-2:2,69,0
890,0,0,219,Gospel,"",Luke_12042_12048,Luke 12:42-48,79,0
891,0,0,220,Epistle,"",2Thess_2001_2012,2 Thessalonians 2:1-12,69,0
892,0,0,220,Gospel,"",Luke_12048_12059,Luke 12:48-59,79,0
893,0,0,221,Epistle,"",2Thess_2013_3005,2 Thessalonians 2:13-3:5,69,0
894,0,0,221,Gospel,"",Luke_13001_13009,Luke 13:1-9,79,0
895,0,0,222,Epistle,"",2Thess_3006_3018,2 Thessalonians 3:6-18,69,0
896,0,0,222,Gospel,"",Luke_13031_13035,Luke 13:31-35,79,0
897,0,0,223,Epistle,"",Gal_1003_1010,Galatians 1:3-10,69,0
898,0,0,223,Gospel,"",Luke_9037_9043,Luke 9:37-43,79,0
899,0,0,224,Epistle,"",Eph_4001_4006,Ephesians 4:1-6,69,0
900,0,0,224,Gospel,"",Luke_10025_10037,Luke 10:25-37,79,0
901,0,0,225,Epistle,"",1Tim_1001_1007,1 Timothy 1:1-7,69,0
902,0,0,225,Gospel,"",Luke_14012_14015,Luke 14:12-15,79,0
903,0,0,226,Epistle,"",1Tim_1008_1014,1 Timothy 1:8-14,69,0
904,0,0,226,Gospel,"",Luke_14025_14035,Luke 14:25-35,79,0
905,0,0,227,Epistle,"",1Tim_1018_1020|1Tim_2008_2015,"1 Timothy 1:18-20, 2:8-15",69,0
906,0,0,227,Gospel,"",Luke_15001_15010,Luke 15:1-10,79,0
907,0,0,228,Epistle,"",1Tim_3001_3013,1 Timothy 3:1-13,69,0
908,0,0,228,Gospel,"",Luke_16001_16009,Luke 16:1-9,79,0
909,0,0,229,Epistle,"",1Tim_4004_4008|1Tim_4016_4016,"1 Timothy 4:4-8, 16",69,0
910,0,0,229,Gospel,"",Luke_16015_16018|Luke_17001_17004,"Luke 16:15-18, 17:1-4",79,0
911,0,0,230,Epistle,"",Gal_3008_3012,Galatians 3:8-12,69,0
912,0,0,230,Gospel,"",Luke_9057_9062,Luke 9:57-62,79,0
913,0,0,231,Epistle,"",Eph_5009_5019,Ephesians 5:9-19,69,0
914,0,0,231,Gospel,"",Luke_12016_12021,Luke 12:16-21,79,0
915,0,0,232,Epistle,"",1Tim_5001_5010,1 Timothy 5:1-10,69,0
916,0,0,232,Gospel,"",Luke_17020_17025,Luke 17:20-25,79,0
917,0,0,233,Epistle,"",1Tim_5011_5021,1 Timothy 5:11-21,69,0
918,0,0,233,Gospel,"",Luke_17026_17037,Luke 17:26-37,79,0
919,0,0,234,Epistle,"",1Tim_5022_6011,1 Timothy 5:22-6:11,69,0
920,0,0,234,Gospel,"",Luke_18015_18017|Luke_18026_18030,"Luke 18:15-17, 26-30",79,0
921,0,0,235,Epistle,"",1Tim_6017_6021,1 Timothy 6:17-21,69,0
922,0,0,235,Gospel,"",Luke_18031_18034,Luke 18:31-34,79,0
923,0,0,236,Epistle,"",2Tim_1001_1002|2Tim_1008_1018,"2 Timothy 1:1-2, 8-18",69,0
924,0,0,236,Gospel,"",Luke_19012_19028,Luke 19:12-28,79,0
925,0,0,237,Epistle,"",Gal_5022_6002,Galatians 5:22-6:2,69,0
926,0,0,237,Gospel,"",Luke_10019_10021,Luke 10:19-21,79,0
927,0,0,238,Epistle,"",Eph_6010_6017,Ephesians 6:10-17,69,0
928,0,0,238,Gospel,"",Luke_13010_13017,Luke 13:10-17,79,0
929,0,0,239,Epistle,"",2Tim_2020_2026,2 Timothy 2:20-26,69,0
930,0,0,239,Gospel,"",Luke_19037_19044,Luke 19:37-44,79,0
931,0,0,240,Epistle,"",2Tim_3016_4004,2 Timothy 3:16-4:4,69,0
932,0,0,240,Gospel,"",Luke_19045_19048,Luke 19:45-48,79,0
933,0,0,241,Epistle,"",2Tim_4009_4022,2 Timothy 4:9-22,69,0
934,0,0,241,Gospel,"",Luke_20001_20008,Luke 20:1-8,79,0
935,0,0,242,Epistle,"",Titus_1005_2001,Titus 1:5-2:1,69,0
936,0,0,242,Gospel,"",Luke_20009_20018,Luke 20:9-18,79,0
937,0,0,243,Epistle,"",Titus_1015_2010,Titus 1:15-2:10,69,0
938,0,0,243,Gospel,"",Luke_20019_20026,Luke 20:19-26,79,0
939,0,0,244,Epistle,"",Eph_1016_1023,Ephesians 1:16-23,69,0
940,0,0,244,Gospel,"",Luke_12032_12040,Luke 12:32-40,79,0
941,0,0,245,Epistle,"",Col_1012_1018,Colossians 1:12-18,69,0
942,0,0,245,Gospel,"",Luke_14016_14024,Luke 14:16-24,79,0
943,0,0,246,Epistle,"",Heb_3005_3011|Heb_3017_3019,"Hebrews 3:5-11, 17-19",69,0
944,0,0,246,Gospel,"",Luke_20027_20044,Luke 20:27-44,79,0
945,0,0,247,Epistle,"",Heb_4001_4013,Hebrews 4:1-13,69,0
946,0,0,247,Gospel,"",Luke_21012_21019,Luke 21:12-19,79,0
947,0,0,248,Epistle,"",Heb_5011_6008,Hebrews 5:11-6:8,69,0
948,0,0,248,Gospel,"",Luke_21005_21007|Luke_21010_21011|Luke_21020_21024,"Luke 21:5-7, 10-11, 20-24",79,0
949,0,0,249,Epistle,"",Heb_7001_7006,Hebrews 7:1-6,69,0
950,0,0,249,Gospel,"",Luke_21028_21033,Luke 21:28-33,79,0
951,0,0,250,Epistle,"",Heb_7018_7025,Hebrews 7:18-25,69,0
952,0,0,250,Gospel,"",Luke_21037_22008,Luke 21:37-22:8,79,0
953,0,0,251,Epistle,"",Eph_2011_2013,Ephesians 2:11-13,69,0
954,0,0,251,Gospel,"",Luke_13018_13029,Luke 13:18-29,79,0
955,0,0,252,Epistle,"",Col_3004_3011,Colossians 3:4-11,69,0
956,0,0,252,Gospel,"",Luke_17012_17019,Luke 17:12-19,79,0
957,0,0,253,Epistle,"",Heb_8007_8013,Hebrews 8:7-13,69,0
958,0,0,253,Gospel,"",Mark_8011_8021,Mark 8:11-21,79,0
959,0,0,254,Epistle,"",Heb_9008_9010|Heb_9015_9023,"Hebrews 9:8-10, 15-23",69,0
960,0,0,254,Gospel,"",Mark_8022_8026,Mark 8:22-26,79,0
961,0,0,255,Epistle,"",Heb_10001_10018,Hebrews 10:1-18,69,0
962,0,0,255,Gospel,"",Mark_8030_8034,Mark 8:30-34,79,0
963,0,0,256,Epistle,"",Heb_10035_11007,Hebrews 10:35-11:7,69,0
964,0,0,256,Gospel,"",Mark_9010_9016,Mark 9:10-16,79,0
965,0,0,257,Epistle,"",Heb_11008_11008|Heb_11011_11016,"Hebrews 11:8, 11-16",69,0
966,0,0,257,Gospel,"",Mark_9033_9041,Mark 9:33-41,79,0
967,0,0,258,Epistle,"",Eph_5001_5008,Ephesians 5:1-8,69,0
968,0,0,258,Gospel,"",Luke_14001_14011,Luke 14:1-11,79,0
969,0,0,259,Epistle,"",Col_3012_3016,Colossians 3:12-16,69,0
970,0,0,259,Gospel,"",Luke_18018_18027,Luke 18:18-27,79,0
971,0,0,260,Epistle,"",Heb_11017_11023|Heb_11027_11031,"Hebrews 11:17-23, 27-31",69,0
972,0,0,260,Gospel,"",Mark_9042_10001,Mark 9:42-10:1,79,0
973,0,0,261,Epistle,"",Heb_12025_12026|Heb_13022_13025,"Hebrews 12:25-26, 13:22-25",69,0
974,0,0,261,Gospel,"",Mark_10002_10012,Mark 10:2-12,79,0
975,0,0,262,Epistle,"",James_1001_1018,James 1:1-18,69,0
976,0,0,262,Gospel,"",Mark_10011_10016,Mark 10:11-16,79,0
977,0,0,263,Epistle,"",James_1019_1027,James 1:19-27,69,0
978,0,0,263,Gospel,"",Mark_10017_10027,Mark 10:17-27,79,0
979,0,0,264,Epistle,"",James_2001_2013,James 2:1-13,69,0
980,0,0,264,Gospel,"",Mark_10023_10032,Mark 10:23-32,79,0
981,0,0,265,Epistle,"",Col_1003_1006,Colossians 1:3-6,69,0
982,0,0,265,Gospel,"",Luke_16010_16015,Luke 16:10-15,79,0
983,0,0,266,Epistle,"",1Tim_1015_1017,1 Timothy 1:15-17,69,0
984,0,0,266,Gospel,"",Luke_18035_18043,Luke 18:35-43,79,0
985,0,0,267,Epistle,"",James_2014_2026,James 2:14-26,69,0
986,0,0,267,Gospel,"",Mark_10046_10052,Mark 10:46-52,79,0
987,0,0,268,Epistle,"",James_3001_3010,James 3:1-10,69,0
988,0,0,268,Gospel,"",Mark_11011_11023,Mark 11:11-23,79,0
989,0,0,269,Epistle,"",James_3011_4006,James 3:11-4:6,69,0
990,0,0,269,Gospel,"",Mark_11022_11026,Mark 11:22-26,79,0
991,0,0,270,Epistle,"",James_4007_5009,James 4:7-5:9,69,0
992,0,0,270,Gospel,"",Mark_11027_11033,Mark 11:27-33,79,0
993,0,0,271,Epistle,"",1Peter_1001_1002|1Peter_1010_1012|1Peter_2006_2010,"1 Peter 1:1-2, 10-12, 2:6-10",69,0
994,0,0,271,Gospel,"",Mark_12001_12012,Mark 12:1-12,79,0
995,0,0,272,Epistle,"",1Thess_5014_5023,1 Thessalonians 5:14-23,69,0
996,0,0,272,Gospel,"",Luke_17003_17010,Luke 17:3-10,79,0
997,0,0,273,Epistle,"",1Tim_4009_4015,1 Timothy 4:9-15,69,0
998,0,0,273,Gospel,"",Luke_19001_19010,Luke 19:1-10,79,0
999,0,0,274,Epistle,"",1Peter_2021_3009,1 Peter 2:21-3:9,69,0
1000,0,0,274,Gospel,"",Mark_12013_12017,Mark 12:13-17,79,0
1001,0,0,275,Epistle,"",1Peter_3010_3022,1 Peter 3:10-22,69,0
1002,0,0,275,Gospel,"",Mark_12018_12027,Mark 12:18-27,79,0
1003,0,0,276,Epistle,"",1Peter_4001_4011,1 Peter 4:1-11,69,0
1004,0,0,276,Gospel,"",Mark_12028_12037,Mark 12:28-37,79,0
1005,0,0,277,Epistle,"",1Peter_4012_5005,1 Peter 4:12-5:5,69,0
1006,0,0,277,Gospel,"",Mark_12038_12044,Mark 12:38-44,79,0
1007,0,0,278,Epistle,"",2Peter_1001_1010,2 Peter 1:1-10,69,0
1008,0,0,278,Gospel,"",Mark_13001_13008,Mark 13:1-8,79,0
1009,0,0,279,Epistle,"",2Tim_2011_2019,2 Timothy 2:11-19,69,0
1010,0,0,279,Gospel,"",Luke_18002_18008,Luke 18:2-8,79,0
1011,1,1,999,Vespers,"",Comp_1001_1002,"Composite 1 - Genesis 17:1-2, 4, 5-7, 8, 9-10, 11-12, 14",4,0
1012,1,1,999,Vespers,"",Prov_8022_8030,Proverbs 8:22-30,5,0
1013,1,1,999,Vespers,"",Prov_10031_11012,Proverbs 10:31-11:12,6,0
1014,1,1,999,Matins Gospel,"",John_10009_10016,John 10:9-16,29,0
1015,1,1,999,Epistle,Circumcision,Col_2008_2012,Colossians 2:8-12,36,0
1016,1,1,999,Epistle,Saint,Heb_7026_8002,Hebrews 7:26-8:2,50,0
1017,1,1,999,Gospel,Circumcision,Luke_2020_2021|Luke_2040_2052,"Luke 2:20-21,40-52",37,0
1018,1,1,999,Gospel,Saint,Luke_6017_6023,Luke 6:17-23,60,0
1019,1,2,999,Vespers,"",Wis_3001_3009,Wisdom of Solomon 3:1-9,4,0
1020,1,2,999,Vespers,"",Wis_5015_6003,Wisdom of Solomon 5:15-6:3,5,0
1021,1,2,999,Vespers,"",Wis_4007_4015,Wisdom of Solomon 4:7-15,6,0
1022,1,2,999,Epistle,Saint,Gal_5022_6002,Galatians 5:22-6:2,36,0
1023,1,2,999,Gospel,Saint,Luke_6017_6023,Luke 6:17-23,37,0
1024,1,5,999,"1st Hour, Prophecy","",Isa_35001_35010,Isaiah 35:1-10,1,0
1025,1,5,999,"1st Hour, Epistle","",Acts_13025_13033,Acts 13:25-33,2,0
1026,1,5,999,"1st Hour, Gospel","",Matt_3001_3011,Matthew 3:1-11,3,0
1027,1,5,999,"3rd Hour, Prophecy","",Isa_1016_1020,Isaiah 1:16-20,4,0
1028,1,5,999,"3rd Hour, Epistle","",Acts_19001_19008,Acts 19:1-8,5,0
1029,1,5,999,"3rd Hour, Gospel","",Mark_1001_1008,Mark 1:1-8,6,0
1030,1,5,999,"6th Hour, Prophecy","",Isa_12003_12006,Isaiah 12:3-6,7,0
1031,1,5,999,"6th Hour, Epistle","",Rom_6003_6011,Romans 6:3-11,8,0
1032,1,5,999,"6th Hour, Gospel","",Mark_1009_1015,Mark 1:9-15,9,0
1033,1,5,999,"9th Hour, Prophecy","",Isa_49008_49015,Isaiah 49:8-15,10,0
1034,1,5,999,"9th Hour, Epistle","",Titus_2011_2014|Titus_3004_3007,"Titus 2:11-14; 3:4-7",11,0
1035,1,5,999,"9th Hour, Gospel","",Matt_3013_3017,Matthew 3:13-17,12,0
1036,1,5,999,Vespers,"",Gen_1001_1013,Genesis 1:1-13,13,0
1037,1,5,999,Vespers,"",Exod_14015_14018|Exod_14021_14023|Exod_14027_14029,"Exodus 14:15-18, 21-23, 27-29",14,0
1038,1,5,999,Vespers,"",Exod_15022_16001,Exodus 15:22-16:1,15,0
1039,1,5,999,Vespers,"",Josh_3007_3008|Josh_3015_3017,"Joshua 3:7-8, 15-17",16,0
1040,1,5,999,Vespers,"",4Kg_2006_2014,4[2] Kings 2:6-14,17,0
1041,1,5,999,Vespers,"",4Kg_5009_5014,4[2] Kings 5:9-14,18,0
1042,1,5,999,Vespers,"",Isa_1016_1020,Isaiah 1:16-20,19,0
1043,1,5,999,Vespers,"",Gen_32001_32010,Genesis 32:1-10,20,0
1044,1,5,999,Vespers,"",Exod_2005_2010,Exodus 2:5-10,21,0
1045,1,5,999,Vespers,"",Judg_6036_6040,Judges 6:36-40,22,0
1046,1,5,999,Vespers,"",3Kg_18030_18039,3[1] Kings 18:30-39,23,0
1047,1,5,999,Vespers,"",4Kg_2019_2022,4[2] Kings 2:19-22,24,0
1048,1,5,999,Vespers,"",Isa_49008_49015,Isaiah 49:8-15,25,0
1049,1,5,999,Epistle,"",1Cor_9019_9027,1 Corinthians 9:19-27,89,0
1050,1,5,999,Gospel,"",Luke_3001_3018,Luke 3:1-18,99,0
1051,1,5,999,Great Blessing of Waters,"",Isa_35001_35010,Isaiah 35:1-10,101,0
1052,1,5,999,Great Blessing of Waters,"",Isa_55001_55013,Isaiah 55:1-13,102,0
1053,1,5,999,Great Blessing of Waters,"",Isa_12003_12006,Isaiah 12:3-6,103,0
1054,1,5,999,Great Blessing of Waters,Epistle,1Cor_10001_10004,1 Corinthians 10:1-4,104,0
1055,1,5,999,Great Blessing of Waters,Gospel,Mark_1009_1011,Mark 1:9-11,105,0
1056,1,6,999,Matins Gospel,"",Mark_1009_1011,Mark 1:9-11,29,0
1057,1,6,999,Epistle,"",Titus_2011_2014|Titus_3004_3007,"Titus 2:11-14; 3:4-7",89,0
1058,1,6,999,Gospel,"",Matt_3013_3017,Matthew 3:13-17,99,0
1059,1,7,999,Epistle,Forerunner,Acts_19001_19008,Acts 19:1-8,89,0
1060,1,7,999,Gospel,Forerunner,John_1029_1034,John 1:29-34,99,0
1061,1,11,999,Vespers,"",Wis_3001_3009,Wisdom of Solomon 3:1-9,4,0
1062,1,11,999,Vespers,"",Wis_5015_6003,Wisdom of Solomon 5:15-6:3,5,0
1063,1,11,999,Vespers,"",Wis_4007_4015,Wisdom of Solomon 4:7-15,6,0
1064,1,11,999,Matins Gospel,"",Luke_6017_6023,Luke 6:17-23,29,0
1065,1,11,999,Epistle,Saint,2Cor_4006_4015,2 Corinthians 4:6-15,36,0
1066,1,11,999,Gospel,Saint,Matt_11027_11030,Matthew 11:27-30,37,0
1067,1,17,999,Vespers,"",Wis_5015_6003,Wisdom of Solomon 5:15-6:3,4,0
1068,1,17,999,Vespers,"",Wis_3001_3009,Wisdom of Solomon 3:1-9,5,0
1069,1,17,999,Vespers,"",Wis_4007_4015,Wisdom of Solomon 4:7-15,6,0
1070,1,17,999,Matins Gospel,"",Matt_11027_11030,Matthew 11:27-30,29,0
1071,1,17,999,Epistle,Saint,Heb_13017_13021,Hebrews 13:17-21,36,0
1072,1,17,999,Gospel,Saint,Luke_6017_6023,Luke 6:17-23,37,0
1073,1,20,999,Vespers,"",Wis_5015_6003,Wisdom of Solomon 5:15-6:3,4,0
1074,1,20,999,Vespers,"",Wis_3001_3009,Wisdom of Solomon 3:1-9,5,0
1075,1,20,999,Vespers,"",Wis_4007_4015,Wisdom of Solomon 4:7-15,6,0
1076,1,20,999,Matins Gospel,"",Matt_11027_11030,Matthew 11:27-30,29,0
1077,1,20,999,Epistle,Saint,Heb_13017_13021,Hebrews 13:17-21,36,0
1078,1,20,999,Gospel,Saint,Luke_6017_6023,Luke 6:17-23,37,0
1079,1,25,999,Vespers,"",Comp_2001_2004,"Composite 2 - Proverbs 10, 3, 8",4,0
1080,1,25,999,Vespers,"",Comp_4001_4004,"Composite 4 - Proverbs 10; Wisdom of Solomon 6, 7, 8, 9",5,0
1081,1,25,999,Vespers,"",Wis_4007_4015,Wisdom of Solomon 4:7-15,6,0
1082,1,25,999,Matins Gospel,"",John_10001_10009,John 10:1-9,29,0
1083,1,25,999,Epistle,Saint,1Cor_12007_12011,1 Corinthians 12:7-11,36,0
1084,1,25,999,Gospel,Saint,John_10009_10016,John 10:9-16,37,0
1085,1,27,999,Vespers,"",Comp_2001_2004,"Composite 2 - Proverbs 10, 3, 8",4,0
1086,1,27,999,Vespers,"",Comp_4001_4004,"Composite 4 - Proverbs 10; Wisdom of Solomon 6, 7, 8, 9",5,0
1087,1,27,999,Vespers,"",Comp_5001_5007,"Composite 5 - Wisdom of Solomon 4, 6, 7, 2",6,0
1088,1,27,999,Matins Gospel,"",John_10001_10009,John 10:1-9,29,0
1089,1,27,999,Epistle,Saint,Heb_7026_8002,Hebrews 7:26-8:2,36,0
1090,1,27,999,Gospel,Saint,John_10009_10016,John 10:9-16,37,0
1091,1,30,999,Vespers,"",Deut_1008_1011|Deut_1015_1017,"Deuteronomy 1:8-11, 15-17",4,0
1092,1,30,999,Vespers,"",Deut_10014_10021,Deuteronomy 10:14-21,5,0
1093,1,30,999,Vespers,"",Wis_3001_3009,Wisdom of Solomon 3:1-9,6,0
1094,1,30,999,Epistle,Hierarchs,Heb_13007_13016,Hebrews 13:7-16,36,0
1095,1,30,999,Gospel,Hierarchs,Matt_5014_5019,Matthew 5:14-19,37,0
1096,2,2,999,Vespers,"",Comp_6001_6005,"Composite 6 - Exodus 12, 13; Numbers 8; Leviticus 12",4,0
1097,2,2,999,Vespers,"",Isa_6001_6012,Isaiah 6:1-12,5,0
1098,2,2,999,Vespers,"",Comp_7001_7002,"Composite 7 - Isaiah 19:1, 3, 4-5, 12, 16, 19-21",6,0
1099,2,2,999,Matins Gospel,"",Luke_2025_2032,Luke 2:25-32,40,0
1100,2,2,999,Epistle,Meeting,Heb_7007_7017,Hebrews 7:7-17,89,0
1101,2,2,999,Gospel,Meeting,Luke_2022_2040,Luke 2:22-40,99,0
1102,2,5,999,Vespers,"",Comp_2001_2004,"Composite 2 - Proverbs 10, 3, 8",4,0
1103,2,5,999,Vespers,"",Comp_4001_4004,"Composite 4 - Proverbs 10; Wisdom of Solomon 6, 7, 8, 9",5,0
1104,2,5,999,Vespers,"",Wis_4007_4015,Wisdom of Solomon 4:7-15,6,0
1105,2,5,999,Matins Gospel,"",John_10009_10016,John 10:9-16,29,0
1106,2,5,999,Epistle,Saint,Heb_13017_13021,Hebrews 13:17-21,36,0
1107,2,5,999,Gospel,Saint,Luke_6017_6023,Luke 6:17-23,37,0
1108,2,24,999,Vespers,"",Comp_8001_8003,"Composite 8 - Isaiah 40, 41, 45, 48, 54",4,0
1109,2,24,999,Vespers,"",Comp_9001_9003,"Composite 9 - Malachi 3, 4",5,0
1110,2,24,999,Vespers,"",Comp_3001_3003,"Composite 3 - Wisdom of Solomon 4, 5",6,0
1111,2,24,999,Matins Gospel,"",Luke_7017_7030,Luke 7:17-30,29,0
1112,2,24,999,Epistle,Forerunner,2Cor_4006_4015,2 Corinthians 4:6-15,36,0
1113,2,24,999,Gospel,Forerunner,Matt_11002_11015,Matthew 11:2-15,37,0
1114,2,27,999,Vespers,"",Comp_2001_2004,"Composite 2 - Proverbs 10, 3, 8",4,0
1115,2,27,999,Vespers,"",Prov_10031_11012,Proverbs 10:31-11:12,5,0
1116,2,27,999,Vespers,"",Wis_4007_4015,Wisdom of Solomon 4:7-15,6,0
1117,2,27,999,Epistle,St. Raphael,Heb_13017_13021,Hebrews 13:17-21,36,0
1118,2,27,999,Gospel,St. Raphael,John_10009_10016,John 10:9-16,37,0
1119,3,9,999,Epistle,Martyrs,Heb_12001_12010,Hebrews 12:1-10,36,0
1120,3,9,999,Gospel,Martyrs,Matt_20001_20016,Matthew 20:1-16,37,0
1121,3,24,999,Vespers,Theotokos,Gen_28010_28017,Genesis 28:10-17,4,0
1122,3,24,999,Vespers,Theotokos,Ezek_43027_44004,Ezekiel 43:27-44:4,5,0
1123,3,24,999,Vespers,Theotokos,Prov_9001_9011,Proverbs 9:1-11,6,0
1124,3,25,999,Matins Gospel,Theotokos,Luke_1039_1049|Luke_1056_1056,"Luke 1:39-49, 56",29,0
1125,3,25,999,Vespers,Theotokos,Exod_3001_3008,Exodus 3:1-8,4,0
1126,3,25,999,Vespers,Theotokos,Prov_8022_8030,Proverbs 8:22-30,5,0
1127,3,25,999,Epistle,Theotokos,Heb_2011_2018,Hebrews 2:11-18,89,0
1128,3,25,999,Gospel,Theotokos,Luke_1024_1038,Luke 1:24-38,99,0
1129,3,26,999,Epistle,Theotokos,Heb_2011_2018,Hebrews 2:11-18,36,0
1130,3,26,999,Gospel,Theotokos,Luke_1024_1038,Luke 1:24-38,37,0
1131,3,31,999,Vespers,Saint,Comp_2001_2004,Composite 2,4,0
1132,3,31,999,Vespers,Saint,Comp_3001_3003,Composite 3,5,0
1133,3,31,999,Vespers,Saint,Comp_4001_4004,Composite 4,6,0
1134,3,31,999,Matins Gospel,St. Innocent,John_10001_10009,John 10:1-9,29,0
1135,3,31,999,Epistle,St. Innocent,Heb_7026_8002,Hebrews 7:26-8:2,36,0
1136,3,31,999,Gospel,St. Innocent,John_10009_10016,John 10:9-16,37,0
1137,4,23,999,Vespers,"",Isa_43009_43014,Isaiah 43:9-14,4,0
1138,4,23,999,Vespers,"",Wis_3001_3009,Wisdom of Solomon 3:1-9,5,0
1139,4,23,999,Vespers,"",Wis_4007_4015,Wisdom of Solomon 4:7-15,6,0
1140,4,23,999,Matins Gospel,"",Luke_12002_12012,Luke 12:2-12,29,0
1141,4,23,999,Epistle,Saint,Acts_12001_12011,Acts 12:1-11,36,0
1142,4,23,999,Gospel,Saint,John_15017_16002,John 15:17-16:2,37,0
1143,4,25,999,Vespers,"",James_1001_1012,James 1:1-12,4,0
1144,4,25,999,Vespers,"",James_1013_1027,James 1:13-27,5,0
1145,4,25,999,Vespers,"",James_2001_2013,James 2:1-13,6,0
1146,4,25,999,Matins Gospel,"",Luke_10001_10015,Luke 10:1-15,29,0
1147,4,25,999,Epistle,Saint,1Peter_5006_5014,1 Peter 5:6-14,36,0
1148,4,25,999,Gospel,Saint,Mark_6007_6013,Mark 6:7-13,37,0
1149,4,30,999,Vespers,"",James_1001_1012,James 1:1-12,4,0
1150,4,30,999,Vespers,"",James_1013_1027,James 1:13-27,5,0
1151,4,30,999,Vespers,"",James_2001_2013,James 2:1-13,6,0
1152,4,30,999,Matins Gospel,"",John_21015_21025,John 21:15-25,29,0
1153,4,30,999,Epistle,Saint,Acts_12001_12011,Acts 12:1-11,36,0
1154,4,30,999,Gospel,Saint,Luke_5001_5011,Luke 5:1-11,37,0
1155,5,3,999,Vespers,"",Wis_5015_6003,Wisdom of Solomon 5:15-6:3,4,0
1156,5,3,999,Vespers,"",Wis_3001_3009,Wisdom of Solomon 3:1-9,5,0
1157,5,3,999,Vespers,"",Wis_4007_4015,Wisdom of Solomon 4:7-15,6,0
1158,5,3,999,Matins Gospel,"",Luke_6017_6023,Luke 6:17-23,29,0
1159,5,3,999,Epistle,Saint,Heb_13007_13016,Hebrews 13:7-16,36,0
1160,5,3,999,Gospel,Saint,Matt_11027_11030,Matthew 11:27-30,37,0
1161,5,7,999,Vespers,"",Comp_2001_2004,"Composite 2 - Proverbs 10, 3, 8",4,0
1162,5,7,999,Vespers,"",Comp_4001_4004,"Composite 4 - Proverbs 10; Wisdom of Solomon 6, 7, 8, 9",5,0
1163,5,7,999,Vespers,"",Comp_5001_5007,"Composite 5 - Wisdom of Solomon 4, 6, 7, 2",6,0
1164,5,7,999,Epistle,Saint,Gal_1011_1019,Galatians 1:11-19,36,0
1165,5,7,999,Gospel,Saint,John_10001_10009,John 10:1-9,37,0
1166,5,8,999,Vespers,"",1John_3021_4006,1 John 3:21-4:6,4,0
1167,5,8,999,Vespers,"",1John_4011_4016,1 John 4:11-16,5,0
1168,5,8,999,Vespers,"",1John_4020_5005,1 John 4:20-5:5,6,0
1169,5,8,999,Matins Gospel,"",John_21015_21025,John 21:15-25,29,0
1170,5,8,999,Epistle,St. John,1John_1001_1007,1 John 1:1-7,36,0
1171,5,8,999,Gospel,St. John,John_19025_19027|John_21024_21025,"John 19:25-27; 21:24-25",37,0
1172,5,10,999,Vespers,"",1John_3021_4006,1 John 3:21-4:6,4,0
1173,5,10,999,Vespers,"",1John_4011_4016,1 John 4:11-16,5,0
1174,5,10,999,Vespers,"",1John_4020_5005,1 John 4:20-5:5,6,0
1175,5,10,999,Matins Gospel,"",John_21015_21025,John 21:15-25,29,0
1176,5,10,999,Epistle,Saint,1Cor_4009_4016,1 Corinthians 4:9-16,36,0
1177,5,10,999,Gospel,Saint,Matt_13054_13058,Matthew 13:54-58,37,0
1178,5,11,999,Vespers,"",Comp_2001_2004,"Composite 2 - Proverbs 10, 3, 8",4,0
1179,5,11,999,Vespers,"",Prov_10031_11012,Proverbs 10:31-11:12,5,0
1180,5,11,999,Vespers,"",Wis_4007_4015,Wisdom of Solomon 4:7-15,6,0
1181,5,11,999,Matins Gospel,"",John_10001_10009,John 10:1-9,29,0
1182,5,11,999,Epistle,Saints,Heb_7026_8002,Hebrews 7:26-8:2,36,0
1183,5,11,999,Gospel,Saints,Matt_5014_5019,Matthew 5:14-19,37,0
1184,5,21,999,Vespers,"",3Kg_8022_8023|3Kg_8027_8030,"3[1] Kings 8:22-23, 27-30",4,0
1185,5,21,999,Vespers,"",Isa_61010_62005,Isaiah 61:10-62:5,5,0
1186,5,21,999,Vespers,"",Isa_60001_60016,Isaiah 60:1-16,6,0
1187,5,21,999,Matins Gospel,"",John_10009_10016,John 10:9-16,29,0
1188,5,21,999,Epistle,Saints,Acts_26001_26005|Acts_26012_26020,"Acts 26:1-5, 12-20",36,0
1189,5,21,999,Gospel,Saints,John_10001_10009,John 10:1-9,37,0
1190,5,25,999,Vespers,"",Comp_8001_8003,"Composite 8 - Isaiah 40, 41, 45, 48, 54",4,0
1191,5,25,999,Vespers,"",Comp_9001_9003,"Composite 9 - Malachi 3, 4",5,0
1192,5,25,999,Vespers,"",Comp_3001_3003,"Composite 3 - Wisdom 4, 5",6,0
1193,5,25,999,Matins Gospel,"",Luke_7017_7030,Luke 7:17-30,29,0
1194,5,25,999,Epistle,Forerunner,2Cor_4006_4015,2 Corinthians 4:6-15,36,0
1195,5,25,999,Gospel,Forerunner,Matt_11002_11015,Matthew 11:2-15,37,0
1196,6,19,999,Vespers,"",Jude_1001_1010,Jude 1-10,4,0
1197,6,19,999,Vespers,"",Jude_1011_1016,Jude 11-16,5,0
1198,6,19,999,Vespers,"",Jude_1017_1025,Jude 17-25,6,0
1199,6,19,999,Epistle,Apostle,Jude_1001_1010,Jude 1-10,36,0
1200,6,19,999,Gospel,Apostle,John_14021_14024,John 14:21-24,37,0
1201,6,24,999,Vespers,"",Comp_10001_10005,"Composite 10 - Genesis 17:15-17, 19; 18:11-14; 21:1-8",4,0
1202,6,24,999,Vespers,"",Comp_11001_11004,"Composite 11 - Judges 13:2-8, 13-14, 17-18, 21",5,0
1203,6,24,999,Vespers,"",Comp_8001_8003,"Composite 8 - Isaiah 40, 41, 45, 48, 54",6,0
1204,6,24,999,Matins Gospel,"",Luke_1024_1025|Luke_1057_1068|Luke_1076_1076|Luke_1080_1080,"Luke 1:24-25, 57-68, 76, 80",29,0
1205,6,24,999,Epistle,Forerunner,Rom_13011_14004,Romans 13:11-14:4,36,0
1206,6,24,999,Gospel,Forerunner,Luke_1001_1025|Luke_1057_1068|Luke_1076_1076|Luke_1080_1080,"Luke 1:1-25, 57-68, 76, 80",37,0
1207,6,29,999,Vespers,"",1Peter_1003_1009,1 Peter 1:3-9,4,0
1208,6,29,999,Vespers,"",1Peter_1013_1019,1 Peter 1:13-19,5,0
1209,6,29,999,Vespers,"",1Peter_2011_2024,1 Peter 2:11-24,6,0
1210,6,29,999,Matins Gospel,"",John_21015_21025,John 21:15-25,29,0
1211,6,29,999,Epistle,Apostles,2Cor_11021_12009,2 Corinthians 11:21-12:9,36,0
1212,6,29,999,Gospel,Apostles,Matt_16013_16019,Matthew 16:13-19,37,0
1213,6,30,999,Epistle,Apostles,1Cor_4009_4016,1 Corinthians 4:9-16,36,0
1214,6,30,999,Gospel,Apostles,Mark_3013_3019,Mark 3:13-19,37,0
1215,7,5,999,Vespers,Sergius,Comp_2001_2004,"Composite 2 - Proverbs 10, 3, 8",4,0
1216,7,5,999,Vespers,Sergius,Prov_10031_11012,Proverbs 10:31-11:12,5,0
1217,7,5,999,Vespers,Sergius,Wis_3001_3009,Wisdom of Solomon 3:1-9,6,0
1218,7,5,999,Vespers,Athanasius,Wis_3001_3009,Wisdom of Solomon 3:1-9,4,0
1219,7,5,999,Vespers,Athanasius,Wis_5015_6003,Wisdom of Solomon 5:15-6:3,5,0
1220,7,5,999,Vespers,Athanasius,Wis_4007_4015,Wisdom of Solomon 4:7-15,6,0
1221,7,5,999,Matins Gospel,either Saint,Matt_11027_11030,Matthew 11:27-30,29,0
1222,7,5,999,Epistle,either Saint,Gal_5022_6002,Galatians 5:22-6:2,36,0
1223,7,5,999,Gospel,either Saint,Luke_6017_6023,Luke 6:17-23,37,0
1224,7,10,999,Vespers,"",Wis_3001_3009,Wisdom of Solomon 3:1-9,4,0
1225,7,10,999,Vespers,"",Wis_5015_6003,Wisdom of Solomon 5:15-6:3,5,0
1226,7,10,999,Vespers,"",Wis_4007_4015,Wisdom of Solomon 4:7-15,6,0
1227,7,10,999,Matins Gospel,"",Matt_11027_11030,Matthew 11:27-30,29,0
1228,7,10,999,Epistle,Saint,Gal_5022_6002,Galatians 5:22-6:2,36,0
1229,7,10,999,Gospel,Saint,Matt_4025_5012,Matthew 4:25-5:12,37,0
1230,7,15,999,Vespers,"",3Kg_8022_8023|3Kg_8027_8030,"3[1] Kings 8:22-23, 27-30",4,0
1231,7,15,999,Vespers,"",Isa_61010_62005,Isaiah 61:10-62:5,5,0
1232,7,15,999,Vespers,"",Isa_60001_60016,Isaiah 60:1-16,6,0
1233,7,15,999,Matins Gospel,"",John_10009_10016,John 10:9-16,29,0
1234,7,15,999,Epistle,Saint,Gal_1011_1019,Galatians 1:11-19,36,0
1235,7,15,999,Gospel,Saint,John_10001_10009,John 10:1-9,37,0
1236,7,19,999,Vespers,"",Wis_3001_3009,Wisdom of Solomon 3:1-9,4,0
1237,7,19,999,Vespers,"",Wis_5015_6003,Wisdom of Solomon 5:15-6:3,5,0
1238,7,19,999,Vespers,"",Wis_4007_4015,Wisdom of Solomon 4:7-15,6,0
1239,7,19,999,Matins Gospel,"",Matt_11027_11030,Matthew 11:27-30,29,0
1240,7,19,999,Epistle,Saint,Gal_5022_6002,Galatians 5:22-6:2,36,0
1241,7,19,999,Gospel,Saint,Luke_6017_6023,Luke 6:17-23,37,0
1242,7,20,999,Vespers,"",Comp_12001_12005,Composite 12 - 3 [1] Kings 17:1-23,4,0
1243,7,20,999,Vespers,"",Comp_13001_13017,"Composite 13 - 3 [1] Kings 18, 19",5,0
1244,7,20,999,Vespers,"",Comp_14001_14005,"Composite 14 - 3 [1] Kings 19:19, 20, 21; 4 [2] Kings 2:1,6-14",6,0
1245,7,20,999,Matins Gospel,"",Luke_4022_4030,Luke 4:22-30,29,0
1246,7,20,999,Epistle,Prophet,James_5010_5020,James 5:10-20,36,0
1247,7,20,999,Gospel,Prophet,Luke_4022_4030,Luke 4:22-30,37,0
1248,7,24,999,Vespers,"",Isa_43009_43014,Isaiah 43:9-14,4,0
1249,7,24,999,Vespers,"",Wis_3001_3009,Wisdom of Solomon 3:1-9,5,0
1250,7,24,999,Vespers,"",Wis_4007_4015,Wisdom of Solomon 4:7-15,6,0
1251,7,24,999,Matins Gospel,"",Luke_21012_21019,Luke 21:12-19,29,0
1252,7,24,999,Epistle,Saints,Rom_8028_8039,Romans 8:28-39,36,0
1253,7,24,999,Gospel,Saints,John_15017_16002,John 15:17-16:2,37,0
1254,7,26,999,Vespers,"",Wis_5015_6003,Wisdom of Solomon 5:15-6:3,4,0
1255,7,26,999,Vespers,"",1John_4001_4006,1 John 4:1-6,5,0
1256,7,26,999,Vespers,"",1John_4020_5005,1 John 4:20-5:5,6,0
1257,7,26,999,Matins Gospel,"",John_10009_10016,John 10:9-16,29,0
1258,7,26,999,Epistle,Saint,Phil_3007_3014,Philippians 3:7-14,36,0
1259,7,26,999,Gospel,Saint,Mark_10029_10031|Mark_10042_10045,"Mark 10:29-31, 42-45",37,0
1260,7,27,999,Epistle,St. Panteleimon,2Tim_2001_2010,2 Timothy 2:1-10,36,0
1261,7,27,999,Gospel,St. Panteleimon,John_15017_16002,John 15:17-16:2,37,0
1262,8,1,999,Epistle,Cross,1Cor_1018_1024,1 Corinthians 1:18-24,36,0
1263,8,1,999,Gospel,Cross,John_19006_19011|John_19013_19020|John_19025_19028|John_19030_19035,"John 19:6-11, 13-20, 25-28, 30-35",50,0
1264,8,1,999,Epistle,Martyrs,Heb_11033_12002,Hebrews 11:33-12:2,51,0
1265,8,1,999,Gospel,Martyrs,Matt_10032_10036|Matt_11001_11001,"Matthew 10:32-36; 11:1",52,0
1266,8,1,999,Epistle,At the Blessing of Waters,Heb_2011_2018,Hebrews 2:11-18,57,0
1267,8,1,999,Gospel,At the Blessing of Waters,John_5001_5004,John 5:1-4,58,0
1268,8,6,999,Vespers,"",Exod_24012_24018,Exodus 24:12-18,4,0
1269,8,6,999,Vespers,"",Comp_15001_15004,"Composite 15 - Exodus 33:11-23; 34:4-6, 8",5,0
1270,8,6,999,Vespers,"",Comp_23001_23004,"Composite 23 - 3 [1] Kings 19:3-9, 11-13, 15, 16",6,0
1271,8,6,999,Matins Gospel,"",Luke_9028_9036,Luke 9:28-36,29,0
1272,8,6,999,Epistle,Transfiguration,2Peter_1010_1019,2 Peter 1:10-19,89,0
1273,8,6,999,Gospel,Transfiguration,Matt_17001_17009,Matthew 17:1-9,99,0
1274,8,9,999,Vespers,"",Wis_3001_3009,Wisdom of Solomon 3:1-9,4,0
1275,8,9,999,Vespers,"",Wis_5015_6003,Wisdom of Solomon 5:15-6:3,5,0
1276,8,9,999,Vespers,"",Wis_4007_4015,Wisdom of Solomon 4:7-15,6,0
1277,8,9,999,Matins Gospel,"",Matt_11027_11030,Matthew 11:27-30,29,0
1278,8,9,999,Epistle,Saint,Gal_5022_6002,Galatians 5:22-6:2,36,0
1279,8,9,999,Gospel,Saint,Luke_6017_6023,Luke 6:17-23,37,0
1280,8,13,999,Vespers,"",Comp_2001_2004,"Composite 2 - Proverbs 10, 3, 8",4,0
1281,8,13,999,Vespers,"",Prov_10031_11012,Proverbs 10:31-11:12,5,0
1282,8,13,999,Vespers,"",Wis_4007_4015,Wisdom of Solomon 4:7-15,6,0
1283,8,13,999,Matins Gospel,"",John_10009_10016,John 10:9-16,29,0
1284,8,13,999,Epistle,St. Tikhon,Heb_7026_8002,Hebrews 7:26-8:2,36,0
1285,8,13,999,Gospel,St. Tikhon,Matt_5014_5019,Matthew 5:14-19,37,0
1286,8,15,999,Vespers,"",Gen_28010_28017,Genesis 28:10-17,4,0
1287,8,15,999,Vespers,"",Ezek_43027_44004,Ezekiel 43:27-44:4,5,0
1288,8,15,999,Vespers,"",Prov_9001_9011,Proverbs 9:1-11,6,0
1289,8,15,999,Matins Gospel,"",Luke_1039_1049|Luke_1056_1056,"Luke 1:39-49, 56",29,0
1290,8,15,999,Epistle,Theotokos,Phil_2005_2011,Philippians 2:5-11,89,0
1291,8,15,999,Gospel,Theotokos,Luke_10038_10042|Luke_11027_11028,"Luke 10:38-42; 11:27-28",99,0
1292,8,16,999,Epistle,Image,Col_1012_1018,Colossians 1:12-18,36,0
1293,8,16,999,Gospel,Image,Luke_9051_9056|Luke_10022_10024,"Luke 9:51-56; 10:22-24",37,0
1294,8,23,999,Epistle,Theotokos,Phil_2005_2011,Philippians 2:5-11,36,0
1295,8,23,999,Gospel,Theotokos,Luke_10038_10042|Luke_11027_11028,"Luke 10:38-42; 11:27-28",37,0
1296,8,28,999,Vespers,"",Wis_3001_3009,Wisdom of Solomon 3:1-9,4,0
1297,8,28,999,Vespers,"",Wis_5015_6003,Wisdom of Solomon 5:15-6:3,5,0
1298,8,28,999,Vespers,"",Wis_4007_4015,Wisdom of Solomon 4:7-15,6,0
1299,8,28,999,Matins Gospel,"",Matt_11027_11030,Matthew 11:27-30,29,0
1300,8,28,999,Epistle,Saint,Gal_5022_6002,Galatians 5:22-6:2,36,0
1301,8,28,999,Gospel,Saint,Luke_6017_6023,Luke 6:17-23,37,0
1302,8,29,999,Vespers,"",Comp_8001_8003,"Composite 8 - Isaiah 40, 41, 45, 48, 54",4,0
1303,8,29,999,Vespers,"",Comp_9001_9003,"Composite 9 - Malachi 3, 4",5,0
1304,8,29,999,Vespers,"",Comp_3001_3003,"Composite 3 - Wisdom of Solomon 4, 5",6,0
1305,8,29,999,Matins Gospel,"",Matt_14001_14013,Matthew 14:1-13,29,0
1306,8,29,999,Epistle,Forerunner,Acts_13025_13033,Acts 13:25-33,36,0
1307,8,29,999,Gospel,Forerunner,Mark_6014_6030,Mark 6:14-30,37,0
1308,9,1,999,Vespers,"",Isa_61001_61009,Isaiah 61:1-9,4,0
1309,9,1,999,Vespers,"",Comp_24001_24002,Composite 24 - Leviticus 26,5,0
1310,9,1,999,Vespers,"",Wis_4007_4015,Wisdom of Solomon 4:7-15,6,0
1311,9,1,999,Epistle,New Year,1Tim_2001_2007,1 Timothy 2:1-7,36,0
1312,9,1,999,Gospel,New Year,Luke_4016_4022,Luke 4:16-22,50,0
1313,9,1,999,Epistle,St. Simeon,Col_3012_3016,Colossians 3:12-16,51,0
1314,9,1,999,Gospel,St. Simeon,Matt_11027_11030,Matthew 11:27-30,52,0
1315,9,8,999,Vespers,"",Gen_28010_28017,Genesis 28:10-17,4,0
1316,9,8,999,Vespers,"",Ezek_43027_44004,Ezekiel 43:27-44:4,5,0
1317,9,8,999,Vespers,"",Prov_9001_9011,Proverbs 9:1-11,6,0
1318,9,8,999,Matins Gospel,"",Luke_1039_1049|Luke_1056_1056,"Luke 1:39-49, 56",29,0
1319,9,8,999,Epistle,Theotokos,Phil_2005_2011,Philippians 2:5-11,89,0
1320,9,8,999,Gospel,Theotokos,Luke_10038_10042|Luke_11027_11028,"Luke 10:38-42; 11:27-28",99,0
1321,9,12,999,Epistle,Theotokos,Phil_2005_2011,Philippians 2:5-11,36,0
1322,9,12,999,Gospel,Theotokos,Luke_10038_10042|Luke_11027_11028,"Luke 10:38-42; 11:27-28",37,0
1323,9,13,999,Vespers,"",3Kg_8022_8023|3Kg_8027_8030,"3[1] Kings 8:22-23, 27-30",4,0
1324,9,13,999,Vespers,"",Prov_3019_3034,Proverbs 3:19-34,5,0
1325,9,13,999,Vespers,"",Prov_9001_9011,Proverbs 9:1-11,6,0
1326,9,13,999,Epistle,Church,Heb_3001_3004,Hebrews 3:1-4,36,0
1327,9,13,999,Gospel,Church,Matt_16013_16018,Matthew 16:13-18,37,0
1328,9,14,999,Vespers,"",Exod_15022_16001,Exodus 15:22-16:1,4,0
1329,9,14,999,Vespers,"",Prov_3011_3018,Proverbs 3:11-18,5,0
1330,9,14,999,Vespers,"",Isa_60011_60016,Isaiah 60:11-16,6,0
1331,9,14,999,Matins Gospel,"",John_12028_12036,John 12:28-36,29,0
1332,9,14,999,Epistle,"",1Cor_1018_1024,1 Corinthians 1:18-24,89,0
1333,9,14,999,Gospel,"",John_19006_19011|John_19013_19020|John_19025_19028|John_19030_19035,"John 19:6-11, 13-20, 25-28, 30-35",99,0
1334,9,23,999,Epistle,Forerunner,Gal_4022_4031,Galatians 4:22-31,36,0
1335,9,23,999,Gospel,Forerunner,Luke_1005_1025,Luke 1:5-25,37,0
1336,9,24,999,Vespers,"",Isa_43009_43014,Isaiah 43:9-14,4,0
1337,9,24,999,Vespers,"",Wis_3001_3009,Wisdom of Solomon 3:1-9,5,0
1338,9,24,999,Vespers,"",Wis_5015_6003,Wisdom of Solomon 5:15-6:3,6,0
1339,9,24,999,Matins Gospel,"",Luke_12002_12012,Luke 12:2-12,29,0
1340,9,24,999,Epistle,New Martyrs,Rom_8028_8039,Romans 8:28-39,36,0
1341,9,24,999,Gospel,New Martyrs,Luke_21012_21019,Luke 21:12-19,37,0
1342,9,25,999,Vespers,"",Comp_2001_2004,"Composite 2 - Proverbs 10, 3, 8",4,0
1343,9,25,999,Vespers,"",Prov_10031_11012,Proverbs 10:31-11:12,5,0
1344,9,25,999,Vespers,"",Wis_3001_3009,Wisdom of Solomon 3:1-9,6,0
1345,9,25,999,Matins Gospel,"",Matt_11027_11030,Matthew 11:27-30,29,0
1346,9,25,999,Epistle,Saint,Gal_5022_6002,Galatians 5:22-6:2,36,0
1347,9,25,999,Gospel,Saint,Luke_6017_6023,Luke 6:17-23,37,0
1348,9,26,999,Vespers,"",1John_3021_4006,1 John 3:21-4:6,4,0
1349,9,26,999,Vespers,"",1John_4011_4016,1 John 4:11-16,5,0
1350,9,26,999,Vespers,"",1John_4020_5005,1 John 4:20-5:5,6,0
1351,9,26,999,Matins Gospel,"",John_21015_21025,John 21:15-25,29,0
1352,9,26,999,Epistle,St. John,1John_4012_4019,1 John 4:12-19,36,0
1353,9,26,999,Gospel,St. John,John_19025_19027|John_21024_21025,"John 19:25-27; 21:24-25",37,0
1354,9,28,999,Vespers,"",Wis_5015_6003,Wisdom of Solomon 5:15-6:3,4,0
1355,9,28,999,Vespers,"",Wis_3001_3009,Wisdom of Solomon 3:1-9,5,0
1356,9,28,999,Vespers,"",Wis_4007_4015,Wisdom of Solomon 4:7-15,6,0
1357,9,28,999,Matins Gospel,"",Matt_4025_5012,Matthew 4:25-5:12,29,0
1358,9,28,999,Epistle,Saint,2Cor_4006_4015,2 Corinthians 4:6-15,36,0
1359,9,28,999,Gospel,Saint,Luke_6017_6023,Luke 6:17-23,37,0
1360,10,1,999,Vespers,"",Gen_28010_28017,Genesis 28:10-17,4,0
1361,10,1,999,Vespers,"",Ezek_43027_44004,Ezekiel 43:27-44:4,5,0
1362,10,1,999,Vespers,"",Prov_9001_9011,Proverbs 9:1-11,6,0
1363,10,1,999,Matins Gospel,"",Luke_1039_1049|Luke_1056_1056,"Luke 1:39-49, 56",29,0
1364,10,1,999,Epistle,Theotokos,Heb_9001_9007,Hebrews 9:1-7,36,0
1365,10,1,999,Gospel,Theotokos,Luke_10038_10042|Luke_11027_11028,"Luke 10:38-42; 11:27-28",37,0
1366,10,6,999,Vespers,"",Comp_2001_2004,"Composite 2 - Proverbs 10, 3, 8",4,0
1367,10,6,999,Vespers,"",Comp_3001_3003,"Composite 3 - Wisdom of Solomon 4, 5",5,0
1368,10,6,999,Vespers,"",Comp_4001_4004,"Composite 4 - Proverbs 10; Wisdom of Solomon 6, 7, 8, 9",6,0
1369,10,6,999,Matins Gospel,"",John_10001_10009,John 10:1-9,29,0
1370,10,6,999,Epistle,St. Innocent,Heb_7026_8002,Hebrews 7:26-8:2,36,0
1371,10,6,999,Gospel,St. Innocent,John_10009_10016,John 10:9-16,37,0
1372,10,9,999,Vespers,"",Wis_3001_3009,Wisdom of Solomon 3:1-9,4,0
1373,10,9,999,Vespers,"",Wis_5015_6003,Wisdom of Solomon 5:15-6:3,5,0
1374,10,9,999,Vespers,"",Wis_4007_4015,Wisdom of Solomon 4:7-15,6,0
1375,10,9,999,Matins Gospel,"",John_10001_10009,John 10:1-9,29,0
1376,10,9,999,Epistle,St. Tikhon,Heb_7026_8002,Hebrews 7:26-8:2,36,0
1377,10,9,999,Gospel,St. Tikhon,John_10009_10016,John 10:9-16,37,0
1378,10,18,999,Vespers,"",1John_1001_1007,1 John 1:1-7,4,0
1379,10,18,999,Vespers,"",James_1001_1012,James 1:1-12,5,0
1380,10,18,999,Vespers,"",Jude_1001_1007|Jude_1017_1025,"Jude 1:1-7, 17-25",6,0
1381,10,18,999,Matins Gospel,"",John_21015_21025,John 21:15-25,29,0
1382,10,18,999,Epistle,St. Luke,Col_4005_4009|Col_4014_4014|Col_4018_4018,"Colossians 4:5-9, 14, 18",36,0
1383,10,18,999,Gospel,St. Luke,Luke_10016_10021,Luke 10:16-21,37,0
1384,10,26,999,Vespers,"",Comp_16001_16003,"Composite 16 - Isaiah 63:15-64:5, 8-9",4,0
1385,10,26,999,Vespers,"",Jer_2002_2012,Jeremiah 2:2-12,5,0
1386,10,26,999,Vespers,"",Wis_4007_4015,Wisdom of Solomon 4:7-15,6,0
1387,10,26,999,Matins Gospel,"",Matt_10016_10022,Matthew 10:16-22,29,0
1388,10,26,999,Epistle,Earthquake,Heb_12006_12013|Heb_12025_12027,"Hebrews 12:6-13, 25-27",36,0
1389,10,26,999,Gospel,Earthquake,Matt_8023_8027,Matthew 8:23-27,50,0
1390,10,26,999,Epistle,St. Demetrius,2Tim_2001_2010,2 Timothy 2:1-10,51,0
1391,10,26,999,Gospel,St. Demetrius,John_15017_16002,John 15:17-16:2,52,0
1392,10,31,999,Epistle,St. John Kochurov,Heb_13007_13016,Hebrews 13:7-16,34,0
1393,10,31,999,Gospel,St. John Kochurov,Luke_12032_12040,Luke 12:32-40,35,0
1394,10,31,999,Gospel,St. John Kochurov,John_10009_10016,John 10:9-16,60,0
1395,11,8,999,Vespers,"",Josh_5013_5015,Joshua 5:13-15,4,0
1396,11,8,999,Vespers,"",Judg_6002_6002|Judg_6007_6007|Judg_6011_6024,"Judges 6:2, 7, 11-24",5,0
1397,11,8,999,Vespers,"",Isa_14007_14020,Isaiah 14:7-20,6,0
1398,11,8,999,Matins Gospel,"",Matt_13024_13030|Matt_13036_13043,"Matthew 13:24-30, 36-43",29,0
1399,11,8,999,Epistle,Angels,Heb_2002_2010,Hebrews 2:2-10,36,0
1400,11,8,999,Gospel,Angels,Luke_10016_10021,Luke 10:16-21,37,0
1401,11,13,999,Vespers,"",Comp_2001_2004,"Composite 2 - Proverbs 10, 3, 8",4,0
1402,11,13,999,Vespers,"",Comp_4001_4004,"Composite 4 - Proverbs 10; Wisdom of Solomon 6, 7, 8, 9",5,0
1403,11,13,999,Vespers,"",Comp_5001_5007,"Composite 5 - Wisdom of Solomon 4, 6, 7, 2",6,0
1404,11,13,999,Matins Gospel,"",John_10001_10009,John 10:1-9,29,0
1405,11,13,999,Epistle,St. John Chrysostom,Heb_7026_8002,Hebrews 7:26-8:2,36,0
1406,11,13,999,Gospel,St. John Chrysostom,John_10009_10016,John 10:9-16,37,0
1407,11,14,999,Epistle,Apostle,1Cor_4009_4016,1 Corinthians 4:9-16,36,0
1408,11,14,999,Gospel,Apostle,John_1043_1051,John 1:43-51,37,0
1409,11,16,999,Vespers,"",1Peter_1001_2006,1 Peter 1:1-2:6,4,0
1410,11,16,999,Vespers,"",1Peter_2021_3009,1 Peter 2:21-3:9,5,0
1411,11,16,999,Vespers,"",1Peter_4001_4010,1 Peter 4:1-11,6,0
1412,11,16,999,Matins Gospel,"",John_21015_21025,John 21:15-25,29,0
1413,11,16,999,Epistle,Apostle,1Cor_4009_4016,1 Corinthians 4:9-16,36,0
1414,11,16,999,Gospel,Apostle,Matt_9009_9013,Matthew 9:9-13,37,0
1415,11,21,999,Vespers,"",Comp_17001_17003,Composite 17 - Exodus 40,4,0
1416,11,21,999,Vespers,"",Comp_18001_18003,"Composite 18 - 3 [1] Kings 7, 8",5,0
1417,11,21,999,Vespers,"",Ezek_43027_44004,Ezekiel 43:27-44:4,6,0
1418,11,21,999,Matins Gospel,"",Luke_1039_1049|Luke_1056_1056,"Luke 1:39-49, 56",29,0
1419,11,21,999,Epistle,Theotokos,Heb_9001_9007,Hebrews 9:1-7,89,0
1420,11,21,999,Gospel,Theotokos,Luke_10038_10042|Luke_11027_11028,"Luke 10:38-42; 11:27-28",99,0
1421,11,23,999,Epistle,St. Alexander,Gal_5022_6002,Galatians 5:22-6:2,36,0
1422,11,23,999,Gospel,St. Alexander,Matt_11027_11030,Matthew 11:27-30,37,0
1423,11,25,999,Epistle,Theotokos,Heb_9001_9007,Hebrews 9:1-7,36,0
1424,11,25,999,Gospel,Theotokos,Luke_10038_10042|Luke_11027_11028,"Luke 10:38-42; 11:27-28",37,0
1425,11,30,999,Vespers,"",1Peter_1001_2006,1 Peter 1:1-2:6,4,0
1426,11,30,999,Vespers,"",1Peter_2021_3009,1 Peter 2:21-3:9,5,0
1427,11,30,999,Vespers,"",1Peter_4001_4010,1 Peter 4:1-11,6,0
1428,11,30,999,Matins Gospel,"",Matt_4018_4023,Matthew 4:18-23,29,0
1429,11,30,999,Epistle,Apostle,1Cor_4009_4016,1 Corinthians 4:9-16,36,0
1430,11,30,999,Gospel,Apostle,John_1035_1051,John 1:35-51,37,0
1431,12,4,999,Epistle,St. Alexander,Heb_13007_13016,Hebrews 13:7-16,36,0
1432,12,4,999,Gospel,St. Alexander,Luke_12032_12040,Luke 12:32-40,37,0
1433,12,5,999,Vespers,"",Wis_3001_3009,Wisdom of Solomon 3:1-9,4,0
1434,12,5,999,Vespers,"",Wis_5015_6003,Wisdom of Solomon 5:15-6:3,5,0
1435,12,5,999,Vespers,"",Wis_4007_4015,Wisdom of Solomon 4:7-15,6,0
1436,12,5,999,Matins Gospel,"",Luke_6017_6023,Luke 6:17-23,29,0
1437,12,5,999,Epistle,Saint,Gal_5022_6002,Galatians 5:22-6:2,36,0
1438,12,5,999,Gospel,Saint,Matt_11027_11030,Matthew 11:27-30,37,0
1439,12,6,999,Vespers,"",Comp_2001_2004,"Composite 2 - Proverbs 10, 3, 8",4,0
1440,12,6,999,Vespers,"",Prov_10031_11012,Proverbs 10:31-11:12,5,0
1441,12,6,999,Vespers,"",Wis_4007_4015,Wisdom of Solomon 4:7-15,6,0
1442,12,6,999,Matins Gospel,"",John_10009_10016,John 10:9-16,29,0
1443,12,6,999,Epistle,Saint,Heb_13017_13021,Hebrews 13:17-21,36,0
1444,12,6,999,Gospel,Saint,Luke_6017_6023,Luke 6:17-23,37,0
1445,12,9,999,Epistle,St. Anna,Gal_4022_4031,Galatians 4:22-31,36,0
1446,12,9,999,Gospel,St. Anna,Luke_8016_8021,Luke 8:16-21,37,0
1447,12,13,999,Vespers,"",Wis_3001_3009,Wisdom of Solomon 3:1-9,4,0
1448,12,13,999,Vespers,"",Wis_5015_6003,Wisdom of Solomon 5:15-6:3,5,0
1449,12,13,999,Vespers,"",Wis_4007_4015,Wisdom of Solomon 4:7-15,6,0
1450,12,13,999,Matins Gospel,"",Matt_11027_11030,Matthew 11:27-30,29,0
1451,12,13,999,Epistle,Saint,Gal_5022_6002,Galatians 5:22-6:2,36,0
1452,12,13,999,Gospel,Saint,Luke_6017_6023,Luke 6:17-23,37,0
1453,12,24,999,"1st Hour, Prophecy","",Micah_5002_5004,Micah 5:2-4,1,0
1454,12,24,999,"1st Hour, Epistle","",Heb_1001_1012,Hebrews 1:1-12,2,0
1455,12,24,999,"1st Hour, Gospel","",Matt_1018_1025,Matthew 1:18-25,3,0
1456,12,24,999,"3rd Hour, Prophecy","",Baruch_3035_4004,Jeremiah (Baruch 3:35-4:4),4,0
1457,12,24,999,"3rd Hour, Epistle","",Gal_3023_3029,Galatians 3:23-29,5,0
1458,12,24,999,"3rd Hour, Gospel","",Luke_2001_2020,Luke 2:1-20,6,0
1459,12,24,999,"6th Hour, Prophecy","",Isa_7010_7016|Isa_8001_8004|Isa_8009_8010,"Isaiah 7:10-16; 8:1-4, 9-10",7,0
1460,12,24,999,"6th Hour, Epistle","",Heb_1010_2003,Hebrews 1:10-2:3,8,0
1461,12,24,999,"6th Hour, Gospel","",Matt_2001_2012,Matthew 2:1-12,9,0
1462,12,24,999,"9th Hour, Prophecy","",Isa_9006_9007,Isaiah 9:6-7,10,0
1463,12,24,999,"9th Hour, Epistle","",Heb_2011_2018,Hebrews 2:11-18,11,0
1464,12,24,999,"9th Hour, Gospel","",Matt_2013_2023,Matthew 2:13-23,12,0
1465,12,24,999,Vespers,"",Gen_1001_1013,Genesis 1:1-13,13,0
1466,12,24,999,Vespers,"",Num_24002_24003|Num_24005_24009|Num_24017_24018,"Numbers 24:2-3, 5-9, 17-18",14,0
1467,12,24,999,Vespers,"",Micah_4006_4007|Micah_5002_5004,"Micah 4:6-7; 5:2-4",15,0
1468,12,24,999,Vespers,"",Isa_11001_11010,Isaiah 11:1-10,16,0
1469,12,24,999,Vespers,"",Baruch_3035_4004,Jeremiah (Baruch 3:35-4:4),17,0
1470,12,24,999,Vespers,"",Dan_2031_2036|Dan_2044_2045,"Daniel 2:31-36, 44-45",18,0
1471,12,24,999,Vespers,"",Isa_9006_9007,Isaiah 9:6-7,19,0
1472,12,24,999,Vespers,"",Isa_7010_7016|Isa_8001_8004|Isa_8009_8010,"Isaiah 7:10-16; 8:1-4, 9-10",20,0
1473,12,24,999,Epistle,"",Heb_1001_1012,Hebrews 1:1-12,89,0
1474,12,24,999,Gospel,"",Luke_2001_2010,Luke 2:1-20,99,0
1475,12,25,999,Matins Gospel,"",Matt_1018_1025,Matthew 1:18-25,29,0
1476,12,25,999,Epistle,Nativity,Gal_4004_4007,Galatians 4:4-7,89,0
1477,12,25,999,Gospel,Nativity,Matt_2001_2012,Matthew 2:1-12,99,0
1478,12,27,999,Epistle,Saint,Acts_6008_6015|Acts_7001_7005|Acts_7047_7060,"Acts 6:8-15; 7:1-5, 47-60",36,0
1479,12,27,999,Gospel,Saint,Matt_21033_21042,Matthew 21:33-42,37,0
1480,12,26,999,Epistle,Theotokos,Heb_2011_2018,Hebrews 2:11-18,69,0
1481,12,26,999,Gospel,Theotokos,Matt_2013_2023,Matthew 2:13-23,79,0
1482,0,0,-29,Epistle,Departed,1Thess_4013_4017,1 Thessalonians 4:13-17,49,0
1483,0,0,-29,Gospel,Departed,John_5024_5030,John 5:24-30,59,0
1484,1,2,999,Matins Gospel,"",Matt_11027_11030,Matthew 11:27-30,29,0
1485,1,6,999,Great Blessing of Waters,"",Isa_35001_35010,Isaiah 35:1-10,101,0
1486,1,6,999,Great Blessing of Waters,"",Isa_55001_55013,Isaiah 55:1-13,102,0
1487,1,6,999,Great Blessing of Waters,"",Isa_12003_12006,Isaiah 12:3-6,103,0
1488,1,6,999,Great Blessing of Waters,Epistle,1Cor_10001_10004,1 Corinthians 10:1-4,104,0
1489,1,6,999,Great Blessing of Waters,Gospel,Mark_1009_1011,Mark 1:9-11,105,0
1490,1,30,999,Matins Gospel,"",John_10009_10016,John 10:9-16,29,0
1491,2,9,999,Epistle,Meeting,Heb_7007_7017,Hebrews 7:7-17,49,0
1492,2,9,999,Gospel,Meeting,Luke_2022_2040,Luke 2:22-40,59,0
1493,2,27,999,Matins Gospel,"",John_10001_10009,John 10:1-9,29,0
1494,3,9,999,Vespers,"",Isa_43009_43014,Isaiah 43:9-14,4,0
1495,3,9,999,Vespers,"",Wis_3001_3009,Wisdom of Solomon 3:1-9,5,0
1496,3,9,999,Vespers,"",Wis_5015_6003,Wisdom of Solomon 5:15-6:3,6,0
1497,3,9,999,Matins Gospel,"",Luke_21012_21019,Luke 21:12-19,29,0
1498,4,7,999,Vespers,"",Wis_3001_3009,Wisdom of Solomon 3:1-9,4,0
1499,4,7,999,Vespers,"",Wis_5015_6003,Wisdom of Solomon 5:15-6:3,5,0
1500,4,7,999,Vespers,"",Wis_4007_4015,Wisdom of Solomon 4:7-15,6,0
1501,4,7,999,Matins Gospel,"",John_10001_10009,John 10:1-9,29,0
1502,4,7,999,Epistle,St. Tikhon,Heb_7026_8002,Hebrews 7:26-8:2,49,0
1503,4,7,999,Gospel,St. Tikhon,John_10009_10016,John 10:9-16,59,0
1504,5,7,999,Matins Gospel,"",John_10009_10016,John 10:9-16,29,0
1505,6,11,999,Vespers,,1Peter_1003_1009,1 Peter 1:3-9,4,0
1506,6,11,999,Vespers,,1Peter_1013_1019,1 Peter 1:13-19,5,0
1507,6,11,999,Vespers,,1Peter_2011_2024,1 Peter 2:11-24,6,0
1508,6,11,999,Matins Gospel,"",John_21015_21025,John 21:15-25,29,0
1509,6,11,999,Epistle,Apostles,Acts_11019_11026|Acts_11029_11030,"Acts 11:19-26, 29-30",49,0
1510,6,11,999,Gospel,Apostles,Luke_10016_10021,Luke 10:16-21,59,0
1511,6,19,999,Matins Gospel,"",John_21015_21025,John 21:15-25,29,0
1512,6,30,999,Vespers,"",Isa_43009_43014,Isaiah 43:9-14,4,0
1513,6,30,999,Vespers,"",Wis_3001_3009,Wisdom of Solomon 3:1-9,5,0
1514,6,30,999,Vespers,"",Wis_5015_6003,Wisdom of Solomon 5:15-6:3,6,0
1520,10,23,999,Epistle,Saint,Gal_1011_1019,Gal 1:11-19,49,0
1521,10,23,999,Gospel,Saint,Matt_13054_13058,Matthew 13:54-58,59,0
